Cmpd_ID,SMILES,Affinity
CatS_1,CC(C)N1CCN(CC1)C(=O)CSc2cc(ccc2C(F)(F)F)c3c4c(n(n3)CCCN5CCC(CC5)N6CCCC6=O)CCN(C4)S(=O)(=O)C,1.23
CatS_2,CS(=O)(=O)N1CCc2c(c(nn2CCCN3CCC(CC3)N4CCCC4=O)c5ccc(c(c5)CNC(=O)Cc6ccccn6)C(F)(F)F)C1,3.42
CatS_3,CS(=O)(=O)N1CCc2c(c(nn2CCCN3CCC(CC3)N4CCCC4=O)c5ccc(c(c5)SCCN6CCC(CC6)C(F)(F)F)C(F)(F)F)C1,0.31
CatS_4,CS(=O)(=O)N1CCc2c(c(nn2CCCN3CCC(CC3)N4CCCC4=O)c5ccc(c(c5)SCCN6CCC(CC6)(F)F)C(F)(F)F)C1,0.07
CatS_5,CS(=O)(=O)N1CCc2c(c(nn2CCCN3CCC(CC3)N4CCCC4=O)c5ccc(c(c5)SCCN6CCCC(C6)(F)F)C(F)(F)F)C1,0.12
CatS_6,COC1CCN(CC1)CCSc2cc(ccc2C(F)(F)F)c3c4c(n(n3)CCCN5CCC(CC5)N6CCCC6=O)CCN(C4)S(=O)(=O)C,0.27
CatS_7,CS(=O)(=O)N1CCc2c(c(nn2CCCN3CCC(CC3)N4CCCC4=O)c5ccc(c(c5)SCCN6CCS(=O)(=O)CC6)C(F)(F)F)C1,0.15
CatS_8,CC1(CCCN(C1)CCSc2cc(ccc2C(F)(F)F)c3c4c(n(n3)CCCN5CCC(CC5)N6CCCC6=O)CCN(C4)S(=O)(=O)C)C,0.14
CatS_9,CC(=O)N1CCN(CC1)CCCn2c3c(c(n2)c4ccc(c(c4)SCCN5CCCCC5)C(F)(F)F)CN(CC3)S(=O)(=O)C,0.61
CatS_10,CS(=O)(=O)N1CCc2c(c(nn2CCCN3CCC(CC3)N4CCCC4=O)c5ccc(c(c5)CCCN6CCC(CC6)(F)F)Cl)C1,0.93
CatS_11,CS(=O)(=O)N1CCc2c(c(nn2CCCN3CCC(CC3)N4CCCC4)c5ccc(c(c5)SCC(=O)N6CCOCC6)C(F)(F)F)C1,0.4
CatS_12,CS(=O)(=O)N1CCc2c(c(nn2CCCN3CCC(CC3)C(F)(F)F)c4ccc(c(c4)SCC(=O)N5CCOCC5)C(F)(F)F)C1,0.23
CatS_13,CC(C)(C)OC(=O)NC1CCN(CC1)CCCn2c3c(c(n2)c4ccc(c(c4)SCC(=O)N5CCOCC5)C(F)(F)F)CN(CC3)S(=O)(=O)C,0.06
CatS_14,CCOC(=O)NC1CCN(CC1)CCSc2cc(ccc2C(F)(F)F)c3c4c(n(n3)CCCN5CCC(CC5)N6CCCC6=O)CCN(C4)S(=O)(=O)C,0.63
CatS_15,CC(=O)NC1CCN(CC1)CCSc2cc(ccc2C(F)(F)F)c3c4c(n(n3)CCCN5CCC(CC5)N6CCCC6=O)CCN(C4)S(=O)(=O)C,1.28
CatS_16,CC(C)(C)OC(=O)NC1CCN(CC1)CCSc2cc(ccc2C(F)(F)F)c3c4c(n(n3)CCCN5CCC(CC5)N6CCCC6=O)CCN(C4)S(=O)(=O)C,0.59
CatS_17,CS(=O)(=O)N1CCc2c(c(nn2CCCN3CCOCC3)c4ccc(c(c4)C#Cc5ccc(cc5)CN6CCCC6)Cl)C1,1.39
CatS_18,CS(=O)(=O)N1CCc2c(c(nn2CCCN3CCOCC3)c4ccc(c(c4)C#Cc5ccc(cc5)CN6CCCCC6)Cl)C1,1.5
CatS_19,CC(C)(C)NCCSc1cc(ccc1C(F)(F)F)c2c3c(n(n2)CCCN4CCC(CC4)N5CCCC5=O)CCN(C3)S(=O)(=O)C,3.09
CatS_20,CC(C)NCCSc1cc(ccc1C(F)(F)F)c2c3c(n(n2)CCCN4CCC(CC4)N5CCCC5=O)CCN(C3)S(=O)(=O)C,1.2
CatS_21,CC(C)CNCCSc1cc(ccc1C(F)(F)F)c2c3c(n(n2)CCCN4CCC(CC4)N5CCCC5=O)CCN(C3)S(=O)(=O)C,0.19
CatS_22,CS(=O)(=O)N1CCc2c(c(nn2CCCN3CCC(CC3)N4CCCC4=O)c5ccc(c(c5)SCCNC6CCCCC6)C(F)(F)F)C1,0.18
CatS_23,CS(=O)(=O)N1CCc2c(c(nn2CCCN3CCC(CC3)N4CCCC4=O)c5ccc(c(c5)SCCNCCCO)C(F)(F)F)C1,0.53
CatS_24,CCOC(=O)NC1CCN(CC1)C(=O)CSc2cc(ccc2C(F)(F)F)c3c4c(n(n3)CCCN5CCC(CC5)N6CCCC6=O)CCN(C4)S(=O)(=O)C,0.06
CatS_25,CC(C)(C)OC(=O)NC1CCN(CC1)C(=O)CSc2cc(ccc2C(F)(F)F)c3c4c(n(n3)CCCN5CCC(CC5)N6CCCC6=O)CCN(C4)S(=O)(=O)C,0.075
CatS_26,CS(=O)(=O)N1CCc2c(c(nn2CCCN3CCCCC3)c4ccc(c(c4)SCC(=O)N5CCOCC5)C(F)(F)F)C1,0.47
CatS_27,CS(=O)(=O)N1CCc2c(c(nn2CCCN3CCOCC3)c4ccc(c(c4)SCC(=O)N5CCOCC5)C(F)(F)F)C1,0.99
CatS_28,CCOC(=O)NC1CCN(CC1)CCCn2c3c(c(n2)c4ccc(c(c4)SCCN5CCCCC5)C(F)(F)F)CN(CC3)S(=O)(=O)C,0.086
CatS_29,CC(=O)NC1CCN(CC1)CCCn2c3c(c(n2)c4ccc(c(c4)SCCN5CCCCC5)C(F)(F)F)CN(CC3)S(=O)(=O)C,0.15
CatS_30,CS(=O)(=O)N1CCc2c(c(nn2CCCN3CCCCC3)c4ccc(c(c4)SCCN5CCCC5)C(F)(F)F)C1,0.95
CatS_31,CS(=O)(=O)N1CCc2c(c(nn2CCCN3CCCCC3)c4ccc(c(c4)SCCN5CCOCC5)C(F)(F)F)C1,0.88
CatS_32,CC(C)(C)OC(=O)N1CCC(CC1)NCCSc2cc(ccc2C(F)(F)F)c3c4c(n(n3)CCCN5CCCCC5)CCN(C4)S(=O)(=O)C,2.18
CatS_33,CCN(CC)Cc1ccc(cc1)C#Cc2cc(ccc2Cl)c3c4c(n(n3)CCCN5CCOCC5)CCN(C4)S(=O)(=O)C,2.71
CatS_34,CC(C)CNCc1ccc(cc1)C#Cc2cc(ccc2Cl)c3c4c(n(n3)CCCN5CCOCC5)CCN(C4)S(=O)(=O)C,1.15
CatS_35,CS(=O)(=O)N1CCc2c(c(nn2CCCN3CCOCC3)c4ccc(c(c4)CCc5ccc(cc5)CNCc6ccc(cc6)Cl)Cl)C1,0.13
CatS_36,CS(=O)(=O)N1CCc2c(c(nn2CCCN3CCOCC3)c4ccc(c(c4)C#Cc5ccc(cc5)c6[nH]c7ccccc7n6)Cl)C1,0.085
CatS_37,CS(=O)(=O)N1CCc2c(c(nn2CCCN3CCOCC3)c4ccc(c(c4)C#Cc5ccc(cc5)NCc6ccccc6)Cl)C1,4.65
CatS_38,CS(=O)(=O)N1CCc2c(c(nn2CCCN3CCOCC3)c4ccc(c(c4)C#Cc5ccc(cc5)NCC#N)Cl)C1,0.73
CatS_39,CS(=O)(=O)N1CCc2c(c(nn2CCCN3CCOCC3)c4ccc(c(c4)C#Cc5ccc(cc5)CNC6CC6)Cl)C1,0.75
CatS_40,CS(=O)(=O)N1CCc2c(c(nn2CCCN3CCOCC3)c4ccc(c(c4)C#Cc5ccc(cc5)CNC6CCC6)Cl)C1,1.34
CatS_41,CS(=O)(=O)N1CCc2c(c(nn2CCCN3CCOCC3)c4ccc(c(c4)C#Cc5ccc(cc5)CNC6CCCC6)Cl)C1,1.45
CatS_42,CS(=O)(=O)N1CCc2c(c(nn2CCCN3CCOCC3)c4ccc(c(c4)C#Cc5ccc(cc5)CNC6CCCCC6)Cl)C1,1.37
CatS_43,CS(=O)(=O)N1CCc2c(c(nn2CCCN3CCOCC3)c4ccc(c(c4)C#Cc5ccc(cc5)NCCc6ccccc6)Cl)C1,0.76
CatS_44,CCCNCCSc1cc(ccc1C(F)(F)F)c2c3c(n(n2)CCCN4CCC(CC4)C(=O)N5CCCCC5)CCN(C3)S(=O)(=O)C,0.2
CatS_45,CCCNCCSc1cc(ccc1C(F)(F)F)c2c3c(n(n2)CCCN4CCC(CC4)NS(=O)(=O)C)CCN(C3)S(=O)(=O)C,0.56
CatS_46,CCCNCCSc1cc(ccc1C(F)(F)F)c2c3c(n(n2)CCCN4CCC(CC4)N5CCCC5)CCN(C3)S(=O)(=O)C,0.74
CatS_47,CCCNCCSc1cc(ccc1C(F)(F)F)c2c3c(n(n2)CCCN4CCN(CC4)C5CC5)CCN(C3)S(=O)(=O)C,0.44
CatS_48,CS(=O)(=O)N1CCc2c(c(nn2CCCN3CCC(CC3)N4CCCC4=O)c5ccc(c(c5)SCCN6CCC(CC6)N7CCCCC7)C(F)(F)F)C1,2.01
CatS_49,CS(=O)(=O)N1CCc2c(c(nn2CCCN3CCC(CC3)N4CCCC4=O)c5ccc(c(c5)SCCNCCc6ccccc6)C(F)(F)F)C1,0.43
CatS_50,CS(=O)(=O)N1CCc2c(c(nn2CCCN3CCC(CC3)N4CCCC4=O)c5ccc(c(c5)SCCNC6Cc7ccccc7C6)C(F)(F)F)C1,0.29
CatS_51,CS(=O)(=O)N1CCc2c(c(nn2CCCN3CCC(CC3)N4CCCC4=O)c5ccc(c(c5)SCCN6CCC(CC6)Cc7ccccc7)C(F)(F)F)C1,0.34
CatS_52,CN(CCSc1cc(ccc1C(F)(F)F)c2c3c(n(n2)CCCN4CCCCC4)CCN(C3)S(=O)(=O)C)Cc5ccccc5,4.97
CatS_53,CS(=O)(=O)N1CCc2c(c(nn2CCCN3CCCCC3)c4ccc(c(c4)SCCN5CCC5)C(F)(F)F)C1,1.26
CatS_54,CS(=O)(=O)N1CCc2c(c(nn2CCCN3CCCCC3)c4ccc(c(c4)SCCN5CC(=O)NC5)C(F)(F)F)C1,1.83
CatS_55,CC(C)(C)OC(=O)NC1CCN(CC1)CCCn2c3c(c(n2)c4ccc(c(c4)C#Cc5ccc(cc5)CNCc6ccc(cc6)Cl)Cl)CN(CC3)S(=O)(=O)C,0.03
CatS_56,CS(=O)(=O)N1CCc2c(c(nn2CCCN3CCC(CC3)O)c4ccc(c(c4)C#Cc5ccc(cc5)CNCc6ccc(cc6)Cl)Cl)C1,0.093
CatS_57,CS(=O)(=O)N1CCc2c(c(nn2CCCN3CCC(CC3)N)c4ccc(c(c4)C#Cc5ccc(cc5)CNCc6ccc(cc6)Cl)Cl)C1,0.17
CatS_58,CS(=O)(=O)N1CCc2c(c(nn2CCCN3CCCC3)c4ccc(c(c4)C#Cc5ccc(cc5)CNCc6ccc(cc6)Cl)Cl)C1,0.18
CatS_59,CCOC(=O)C1CCN(CC1)CCCn2c3c(c(n2)c4ccc(c(c4)C#Cc5ccc(cc5)CNCc6ccc(cc6)Cl)Cl)CN(CC3)S(=O)(=O)C,0.025
CatS_60,CS(=O)(=O)N1CCc2c(c(nn2CCCN3CCC(CC3)C(=O)O)c4ccc(c(c4)C#Cc5ccc(cc5)CNCc6ccc(cc6)Cl)Cl)C1,0.15
CatS_61,CS(=O)(=O)N1CCc2c(c(nn2CCCN3CCC(CC3)CO)c4ccc(c(c4)C#Cc5ccc(cc5)CNCc6ccc(cc6)Cl)Cl)C1,0.065
CatS_62,CS(=O)(=O)N1CCc2c(c(nn2CCCN3CCC(CC3)N4CCCCC4=O)c5ccc(c(c5)C#Cc6ccc(cc6)CNCc7ccc(cc7)Cl)Cl)C1,0.02
CatS_63,CS(=O)(=O)N1CCc2c(c(nn2CCCN3CCOCC3)c4ccc(c(c4)C#Cc5ccc(cc5)CNCC(F)(F)F)Cl)C1,0.39
CatS_64,CS(=O)(=O)N1CCc2c(c(nn2CCCN3CCOCC3)c4ccc(c(c4)C#Cc5ccc(cc5)CNCC6CC6)Cl)C1,0.83
CatS_65,CS(=O)(=O)N1CCc2c(c(nn2CCCN3CCOCC3)c4ccc(c(c4)C#Cc5ccc(cc5)CN[C@H](CO)c6ccccc6)Cl)C1,0.31
CatS_66,CS(=O)(=O)N1CCc2c(c(nn2CCCN3CCC(CC3)N4CCOCC4)c5ccc(c(c5)C#Cc6ccc(cc6)CNCc7ccc(cc7)Cl)Cl)C1,0.043
CatS_67,CC1CCN(CC1)CCCn2c3c(c(n2)c4ccc(c(c4)C#Cc5ccc(cc5)CNCc6ccc(cc6)Cl)Cl)CN(CC3)S(=O)(=O)C,0.055
CatS_68,CS(=O)(=O)N1CCc2c(c(nn2CCCN3CCC(CC3)C(F)(F)F)c4ccc(c(c4)C#Cc5ccc(cc5)CNCc6ccc(cc6)Cl)Cl)C1,0.11
CatS_69,COC(=O)CNCc1ccc(cc1)C#Cc2cc(ccc2Cl)c3c4c(n(n3)CCCN5CCOCC5)CCN(C4)S(=O)(=O)C,0.61
CatS_70,CS(=O)(=O)N1CCc2c(c(nn2CCCN3CCOCC3)c4ccc(c(c4)C#Cc5ccc(cc5)CNCC=C)Cl)C1,0.55
CatS_71,CS(=O)(=O)N1CCc2c(c(nn2CCCN3CCC(CC3)c4ccccn4)c5ccc(c(c5)C#Cc6ccc(cc6)CNCc7ccc(cc7)Cl)Cl)C1,0.007
CatS_72,CC(=O)N1CCN(CC1)CCCn2c3c(c(n2)c4ccc(c(c4)C#Cc5ccc(cc5)CNCc6ccc(cc6)Cl)Cl)CN(CC3)S(=O)(=O)C,0.15
CatS_73,CN1CCN(CC1)CCCn2c3c(c(n2)c4ccc(c(c4)C#Cc5ccc(cc5)CNCc6ccc(cc6)Cl)Cl)CN(CC3)S(=O)(=O)C,0.36
CatS_74,CC1(CCN(CC1)CCCn2c3c(c(n2)c4ccc(c(c4)C#Cc5ccc(cc5)CNCc6ccc(cc6)Cl)Cl)CN(CC3)S(=O)(=O)C)C,0.11
CatS_75,CC1(CCN(CC1)C[C@H](Cn2c3c(c(n2)c4ccc(c(c4)SCCN5CCC(CC5)F)C(F)(F)F)CN(CC3)S(=O)(=O)C)O)C,0.21
CatS_76,CC1(CCN(CC1)C[C@@H](Cn2c3c(c(n2)c4ccc(c(c4)SCCN5CCC(CC5)F)C(F)(F)F)CN(CC3)S(=O)(=O)C)O)C,0.075
CatS_77,CC1CCN(CC1)C[C@H](Cn2c3c(c(n2)c4ccc(c(c4)SCCN5CCC(CC5)F)C(F)(F)F)CN(CC3)S(=O)(=O)C)O,0.18
CatS_78,CC1CCN(CC1)C[C@@H](Cn2c3c(c(n2)c4ccc(c(c4)SCCN5CCC(CC5)F)C(F)(F)F)CN(CC3)S(=O)(=O)C)O,0.1
CatS_79,CS(=O)(=O)N1CCc2c(c(nn2CCCN3CCC(CC3)(F)F)c4ccc(c(c4)C#Cc5ccc(cc5)CNCc6ccc(cc6)Cl)Cl)C1,0.21
CatS_80,CS(=O)(=O)NC1CCN(CC1)CCCn2c3c(c(n2)c4ccc(c(c4)C#Cc5ccc(cc5)CNCc6ccc(cc6)Cl)Cl)CN(CC3)S(=O)(=O)C,0.075
CatS_81,CS(=O)(=O)N1CCc2c(c(nn2C[C@H](CN3CCC[C@@H](C3)O)O)c4ccc(c(c4)SCCN5CCC(CC5)F)C(F)(F)F)C1,0.24
CatS_82,CS(=O)(=O)N1CCc2c(c(nn2C[C@H](CN3CCC(CC3)O)O)c4ccc(c(c4)SCCN5CCC(CC5)F)C(F)(F)F)C1,0.13
CatS_83,CS(=O)(=O)N1CCc2c(c(nn2C[C@H](CN3CCC[C@H](C3)O)O)c4ccc(c(c4)SCCN5CCC(CC5)F)C(F)(F)F)C1,0.33
CatS_84,CS(=O)(=O)N1CCc2c(c(nn2C[C@H](CN3CCC(CC3)(F)F)O)c4ccc(c(c4)SCCN5CCC(CC5)F)C(F)(F)F)C1,0.33
CatS_85,CN(C)C1CCN(CC1)C[C@@H](Cn2c3c(c(n2)c4ccc(c(c4)SCCN5CCC(CC5)F)C(F)(F)F)CN(CC3)S(=O)(=O)C)O,0.59
CatS_86,CS(=O)(=O)N1CCc2c(c(nn2C[C@H](CN3CCC[C@H](C3)C(=O)O)O)c4ccc(c(c4)SCCN5CCC(CC5)F)C(F)(F)F)C1,0.19
CatS_87,CS(=O)(=O)N1CCc2c(c(nn2C[C@H](CN3CCC4(CC3)OCCCO4)O)c5ccc(c(c5)SCCN6CCC(CC6)F)C(F)(F)F)C1,0.2
CatS_88,CS(=O)(=O)N1CCc2c(c(nn2C[C@H](CN3CCC(CC3)N4CCCC4=O)O)c5ccc(c(c5)SCCN6CCO[C@H](C6)CO)C(F)(F)F)C1,0.045
CatS_89,c1ccc(cc1)N2CCN(CC2)C[C@@H](Cn3c4c(c(n3)c5ccc(c(c5)SCCN6CCC(CC6)F)C(F)(F)F)CNCC4)O,0.51
CatS_90,c1ccc(c(c1)N2CCN(CC2)C[C@@H](Cn3c4c(c(n3)c5ccc(c(c5)SCCN6CCC(CC6)F)C(F)(F)F)CNCC4)O)O,0.35
CatS_91,c1ccc(c(c1)C#N)N2CCN(CC2)C[C@@H](Cn3c4c(c(n3)c5ccc(c(c5)SCCN6CCC(CC6)F)C(F)(F)F)CNCC4)O,0.22
CatS_92,CS(=O)(=O)NC1CCN(CC1)C[C@@H](Cn2c3c(c(n2)c4ccc(c(c4)SCCN5CCC(CC5)F)C(F)(F)F)CNCC3)O,4.53
CatS_93,c1cc(ccc1C#N)C2CCN(CC2)C[C@@H](Cn3c4c(c(n3)c5ccc(c(c5)SCCN6CCC(CC6)F)C(F)(F)F)CNCC4)O,0.095
CatS_94,c1cc(cc(c1)Cl)C2CCN(CC2)C[C@@H](Cn3c4c(c(n3)c5ccc(c(c5)SCCN6CCC(CC6)F)C(F)(F)F)CNCC4)O,0.12
CatS_95,c1ccnc(c1)C2CCN(CC2)C[C@@H](Cn3c4c(c(n3)c5ccc(c(c5)SCCN6CCC(CC6)F)C(F)(F)F)CNCC4)O,0.17
CatS_96,COc1ccc(cc1)C2CCN(CC2)C[C@@H](Cn3c4c(c(n3)c5ccc(c(c5)SCCN6CCC(CC6)F)C(F)(F)F)CNCC4)O,0.23
CatS_97,c1cc(c(cc1c2c3c(n(n2)C[C@H](CN4CCC(CC4)c5ccncc5)O)CCNC3)SCCN6CCC(CC6)F)C(F)(F)F,0.68
CatS_98,c1cc(c(cc1c2c3c(n(n2)C[C@H](CN4CCC(CC4)C(=O)N5CCCC5)O)CCNC3)SCCN6CCC(CC6)F)C(F)(F)F,2.65
CatS_99,c1cc(cc(c1)C2CCN(CC2)C[C@@H](Cn3c4c(c(n3)c5ccc(c(c5)SCCN6CCC(CC6)F)C(F)(F)F)CNCC4)O)C#N,0.2
CatS_100,c1cc(c(cc1c2c3c(n(n2)C[C@H](CN4CCC(CC4)N5CCCC5=O)O)CCNC3)SCCN6CCC(CC6)F)C(F)(F)F,0.82
CatS_101,c1ccc(c(c1)N2CCN(CC2)C[C@@H](Cn3c4c(c(n3)c5ccc(c(c5)SCCN6CCC(CC6)F)C(F)(F)F)CNCC4)O)F,0.4
CatS_102,c1cc(cc(c1)N2CCN(CC2)C[C@@H](Cn3c4c(c(n3)c5ccc(c(c5)SCCN6CCC(CC6)F)C(F)(F)F)CNCC4)O)C(F)(F)F,0.39
CatS_103,c1cc(c(cc1c2c3c(n(n2)C[C@H](CN4CCC(CC4)NC(=O)N)O)CCNC3)SCCN5CCC(CC5)F)C(F)(F)F,1.4
CatS_104,c1cc(c(cc1c2c3c(n(n2)C[C@H](CN4CCC(CC4)C(=O)N)O)CCNC3)SCCN5CCC(CC5)F)C(F)(F)F,3.18
CatS_105,c1cc(ccc1N2CCN(CC2)C[C@@H](Cn3c4c(c(n3)c5ccc(c(c5)SCCN6CCC(CC6)F)C(F)(F)F)CNCC4)O)F,0.53
CatS_106,CCOc1ccccc1N2CCN(CC2)C[C@@H](Cn3c4c(c(n3)c5ccc(c(c5)SCCN6CCC(CC6)F)C(F)(F)F)CNCC4)O,0.34
CatS_107,c1cc(c(cc1c2c3c(n(n2)C[C@H](CN4CCC(CC4)NC(=O)CO)O)CCNC3)SCCN5CCC(CC5)F)C(F)(F)F,1.36
CatS_108,COc1ccccc1C2CCN(CC2)C[C@@H](Cn3c4c(c(n3)c5ccc(c(c5)SCCN6CCC(CC6)F)C(F)(F)F)CNCC4)O,0.15
CatS_109,COc1ccccc1N2CCN(CC2)C[C@@H](Cn3c4c(c(n3)c5ccc(c(c5)SCCN6CCC(CC6)F)C(F)(F)F)CNCC4)O,0.41
CatS_110,c1cc(cc(c1)O)N2CCN(CC2)C[C@@H](Cn3c4c(c(n3)c5ccc(c(c5)SCCN6CCC(CC6)F)C(F)(F)F)CNCC4)O,0.48
CatS_111,CC1CCN(CC1)C[C@@H](Cn2c3c(c(n2)c4ccc(c(c4)SCCN5CCC(CC5)F)C(F)(F)F)CNCC3)O,2.86
CatS_112,CC1(CCN(CC1)C[C@@H](Cn2c3c(c(n2)c4ccc(c(c4)SCCN5CCC(CC5)F)C(F)(F)F)CNCC3)O)C,3.68
CatS_113,CS(=O)(=O)N1CCc2c(c(nn2C[C@@H](CN3CCC(CC3)c4ccccn4)O)c5ccc(c(c5)SCCN6CCC(CC6)F)C(F)(F)F)C1,0.015
CatS_114,CS(=O)(=O)N1CCc2c(c(nn2C[C@@H](CN3CCN(CC3)c4ccccc4)O)c5ccc(c(c5)SCCN6CCC(CC6)F)C(F)(F)F)C1,0.04
CatS_115,CS(=O)(=O)N1CCc2c(c(nn2C[C@@H](CN3CCN(CC3)c4cnccn4)O)c5ccc(c(c5)SCCN6CCC(CC6)F)C(F)(F)F)C1,0.08
CatS_116,CS(=O)(=O)N1CCc2c(c(nn2C[C@@H](CN3CCC(CC3)(c4ccccn4)O)O)c5ccc(c(c5)SCCN6CCC(CC6)F)C(F)(F)F)C1,0.065
CatS_117,CS(=O)(=O)N1CCc2c(c(nn2C[C@@H](CN3CCN(CC3)c4ccccc4O)O)c5ccc(c(c5)SCCN6CCC(CC6)F)C(F)(F)F)C1,0.03
CatS_118,CS(=O)(=O)N1CCc2c(c(nn2C[C@@H](CN3CCN(CC3)c4cccc(c4)O)O)c5ccc(c(c5)SCCN6CCC(CC6)F)C(F)(F)F)C1,0.035
CatS_119,CS(=O)(=O)N1CCc2c(c(nn2C[C@@H](CN3CCN(CC3)c4ccccc4F)O)c5ccc(c(c5)SCCN6CCC(CC6)F)C(F)(F)F)C1,0.04
CatS_120,CS(=O)(=O)N1CCc2c(c(nn2C[C@@H](CN3CCN(CC3)c4ccccc4C#N)O)c5ccc(c(c5)SCCN6CCC(CC6)F)C(F)(F)F)C1,0.015
CatS_121,COc1ccccc1C2CCN(CC2)C[C@H](Cn3c4c(c(n3)c5ccc(c(c5)SCCN6CCC(CC6)F)C(F)(F)F)CN(CC4)S(=O)(=O)C)O,0.02
CatS_122,CS(=O)(=O)N1CCc2c(c(nn2C[C@@H](CN3CCN(CC3)c4c(cccn4)Cl)O)c5ccc(c(c5)SCCN6CCC(CC6)F)C(F)(F)F)C1,0.015
CatS_123,CS(=O)(=O)N1CCc2c(c(nn2C[C@@H](CN3CCC(CC3)c4c(cncc4Cl)Cl)O)c5ccc(c(c5)SCCN6CCC(CC6)F)C(F)(F)F)C1,0.015
CatS_124,CS(=O)(=O)N1CCc2c(c(nn2CCCN3CCOCC3)c4ccc(c(c4)C#Cc5ccc6c(c5)CN(C6)C(=O)C(F)(F)F)Cl)C1,0.17
CatS_125,CC(C)(C)OC(=O)N1CCN(CC1)CCCn2c3c(c(n2)c4ccc(c(c4)C#Cc5ccc(cc5)CNCc6ccc(cc6)Cl)Cl)CN(CC3)S(=O)(=O)C,0.085
CatS_126,COC(=O)C(=O)N1CCc2c(c(nn2C[C@H](CN3CCCCC3)O)c4ccc(c(c4)SCCN5CCC(CC5)F)C(F)(F)F)C1,0.075
CatS_127,CS(=O)(=O)N1CCc2c(c(nn2CCCN3CCNCC3)c4ccc(c(c4)C#Cc5ccc(cc5)CNCc6ccc(cc6)Cl)Cl)C1,0.33
CatS_128,CC(C)NC(=O)N1CCc2c(c(nn2C[C@H](CN3CCCCC3)O)c4ccc(c(c4)SCCN5CCC(CC5)F)C(F)(F)F)C1,0.54
CatS_129,CC(C)(C)NC(=O)N1CCc2c(c(nn2C[C@H](CN3CCCCC3)O)c4ccc(c(c4)SCCN5CCC(CC5)F)C(F)(F)F)C1,0.98
CatS_130,c1cc(c(cc1c2c3c(n(n2)C[C@H](CN4CCCCC4)O)CCN(C3)C(=O)NC5CCCCC5)SCCN6CCC(CC6)F)C(F)(F)F,0.27
CatS_131,c1cc(sc1)NC(=O)N2CCc3c(c(nn3C[C@H](CN4CCCCC4)O)c5ccc(c(c5)SCCN6CCC(CC6)F)C(F)(F)F)C2,0.23
CatS_132,CN(C)S(=O)(=O)N1CCc2c(c(nn2C[C@H](CN3CCCCC3)O)c4ccc(c(c4)SCCN5CCC(CC5)F)C(F)(F)F)C1,0.14
CatS_133,c1cc(c(cc1c2c3c(n(n2)C[C@H](CN4CCCCC4)O)CCN(C3)S(=O)(=O)C5CC5)SCCN6CCC(CC6)F)C(F)(F)F,0.23
CatS_134,c1cc(c(cc1c2c3c(n(n2)C[C@H](CN4CCCCC4)O)CCN(C3)S(=O)(=O)C(F)(F)F)SCCN5CCC(CC5)F)C(F)(F)F,0.31
CatS_135,c1ccc(cc1)NC(=O)N2CCc3c(c(nn3C[C@H](CN4CCCCC4)O)c5ccc(c(c5)SCCN6CCC(CC6)F)C(F)(F)F)C2,0.13
CatS_136,CS(=O)(=O)N1CCc2c(c(nn2C[C@H](CN3CCCCCC3)O)c4ccc(c(c4)SCCN5CCC(CC5)F)C(F)(F)F)C1,0.21
CatS_137,CS(=O)(=O)N1CCc2c(c(nn2C[C@H](CN3CCC=CC3)O)c4ccc(c(c4)SCCN5CCC(CC5)F)C(F)(F)F)C1,0.19
CatS_138,CS(=O)(=O)N1CCc2c(c(nn2C[C@H](CN3CCC(CC3)F)O)c4ccc(c(c4)SCCN5CCC(CC5)F)C(F)(F)F)C1,0.17
CatS_139,CS(=O)(=O)N1CCc2c(c(nn2C[C@H](CN3CCCN=C3)O)c4ccc(c(c4)SCCN5CCC(CC5)F)C(F)(F)F)C1,0.31
CatS_140,c1cc(c(cc1c2c3c(n(n2)C[C@H](CN4CCCCC4)O)CCN(C3)C(=O)C5CCC5)SCCN6CCC(CC6)F)C(F)(F)F,0.61
CatS_141,CNC(=O)N1CCc2c(c(nn2C[C@H](CN3CCCCC3)O)c4ccc(c(c4)SCCN5CCC(CC5)F)C(F)(F)F)C1,0.59
CatS_142,CN(C)c1ccc(cc1)NC(=O)N2CCc3c(c(nn3C[C@H](CN4CCCCC4)O)c5ccc(c(c5)SCCN6CCC(CC6)F)C(F)(F)F)C2,0.23
CatS_143,C[C@@H](C(=O)N1CCc2c(c(nn2C[C@H](CN3CCCCC3)O)c4ccc(c(c4)SCCN5CCC(CC5)F)C(F)(F)F)C1)O,0.25
CatS_144,CC(C)(C)C1CCN(CC1)CCCn2c3c(c(n2)c4ccc(c(c4)C#Cc5ccc(cc5)CNCc6ccc(cc6)Cl)Cl)CN(CC3)S(=O)(=O)C,0.06
CatS_145,CC(C)(C)OC(=O)N1CCc2ccc(cc2C1)C#Cc3cc(ccc3Cl)c4c5c(n(n4)CCCN6CCC(CC6)C(=O)N)CCN(C5)S(=O)(=O)C,0.16
CatS_146,CS(=O)(=O)N1CCc2c(c(nn2C[C@H](CN3CCCN=C3)O)c4ccc(c(c4)SCCN5CCCC(C5)(F)F)C(F)(F)F)C1,0.43
CatS_147,CS(=O)(=O)N1CCc2c(c(nn2C[C@H](CN3CCCCC3)O)c4ccc(c(c4)SCCN5CCCC(C5)(F)F)C(F)(F)F)C1,0.11
CatS_148,CS(=O)(=O)N1CCc2c(c(nn2C[C@H](CN3CCOCC3)O)c4ccc(c(c4)SCCN5CCCC(C5)(F)F)C(F)(F)F)C1,0.17
CatS_149,CC1CCN(CC1)C[C@@H](Cn2c3c(c(n2)c4ccc(c(c4)SCCN5CCCC(C5)(F)F)C(F)(F)F)CN(CC3)S(=O)(=O)C)O,0.045
CatS_150,CS(=O)(=O)N1CCc2c(c(nn2C[C@H](CN3CCCCCC3)O)c4ccc(c(c4)SCCN5CCCC(C5)(F)F)C(F)(F)F)C1,0.13
CatS_151,CS(=O)(=O)N1CCc2c(c(nn2C[C@H](CN3CCSCC3)O)c4ccc(c(c4)SCCN5CCCC(C5)(F)F)C(F)(F)F)C1,0.18
CatS_152,CC1(CCN(CC1)C[C@@H](Cn2c3c(c(n2)c4ccc(c(c4)SCCN5CCCC(C5)(F)F)C(F)(F)F)CN(CC3)S(=O)(=O)C)O)O,0.29
CatS_153,CS(=O)(=O)N1CCc2c(c(nn2C[C@H](CN3CCC(CC3)C(=O)N)O)c4ccc(c(c4)SCCN5CCCC(C5)(F)F)C(F)(F)F)C1,0.12
CatS_154,CC(=O)NC1CCN(CC1)C[C@@H](Cn2c3c(c(n2)c4ccc(c(c4)SCCN5CCCC(C5)(F)F)C(F)(F)F)CN(CC3)S(=O)(=O)C)O,0.05
CatS_155,CC(C)(C1CCN(CC1)C[C@@H](Cn2c3c(c(n2)c4ccc(c(c4)SCCN5CCCC(C5)(F)F)C(F)(F)F)CN(CC3)S(=O)(=O)C)O)O,0.075
CatS_156,CC1(CCN(CC1)C[C@@H](Cn2c3c(c(n2)c4ccc(c(c4)SCCN5CCCC(C5)(F)F)C(F)(F)F)CN(CC3)S(=O)(=O)C)O)C,0.14
CatS_157,CS(=O)(=O)N1CCc2c(c(nn2C[C@H](CN3CCC(CC3)NC(=O)CO)O)c4ccc(c(c4)SCCN5CCCC(C5)(F)F)C(F)(F)F)C1,0.02
CatS_158,CS(=O)(=O)N1CCc2c(c(nn2C[C@H](CN3CCC(CC3)c4ccccn4)O)c5ccc(c(c5)SCCN6CCCC(C6)(F)F)C(F)(F)F)C1,0.0065
CatS_159,CC(C)(C)C1CCN(CC1)C[C@@H](Cn2c3c(c(n2)c4ccc(c(c4)SCCN5CCCC(C5)(F)F)C(F)(F)F)CN(CC3)S(=O)(=O)C)O,0.07
CatS_160,CN(C)C(=O)N1CCc2c(c(nn2C[C@H](CN3CCCCC3)O)c4ccc(c(c4)SCCN5CCC(CC5)F)C(F)(F)F)C1,1.05
CatS_161,c1cc(c(cc1c2c3c(n(n2)C[C@H](CN4CCCCC4)O)CCN(C3)C(=O)N5CCOCC5)SCCN6CCC(CC6)F)C(F)(F)F,0.64
CatS_162,CN1CCN(CC1)C(=O)N2CCc3c(c(nn3C[C@H](CN4CCCCC4)O)c5ccc(c(c5)SCCN6CCC(CC6)F)C(F)(F)F)C2,1.18
CatS_163,CCN(CC)C(=O)N1CCc2c(c(nn2C[C@H](CN3CCCCC3)O)c4ccc(c(c4)SCCN5CCC(CC5)F)C(F)(F)F)C1,0.91
CatS_164,CC(C)N(C(C)C)C(=O)N1CCc2c(c(nn2C[C@H](CN3CCCCC3)O)c4ccc(c(c4)SCCN5CCC(CC5)F)C(F)(F)F)C1,0.93
CatS_165,CS(=O)(=O)N1CCc2c(c(nn2C[C@H](CN3CCCN=C3)O)c4ccc(c(c4)SCCN5CCC(CC5)(F)F)C(F)(F)F)C1,0.34
CatS_166,CS(=O)(=O)N1CCc2c(c(nn2C[C@H](CN3CCCCC3)O)c4ccc(c(c4)SCCN5CCC(CC5)(F)F)C(F)(F)F)C1,0.13
CatS_167,CS(=O)(=O)N1CCc2c(c(nn2C[C@H](CN3CCOCC3)O)c4ccc(c(c4)SCCN5CCC(CC5)(F)F)C(F)(F)F)C1,0.19
CatS_168,CC1CCN(CC1)C[C@@H](Cn2c3c(c(n2)c4ccc(c(c4)SCCN5CCC(CC5)(F)F)C(F)(F)F)CN(CC3)S(=O)(=O)C)O,0.085
CatS_169,CS(=O)(=O)N1CCc2c(c(nn2C[C@H](CN3CCCCCC3)O)c4ccc(c(c4)SCCN5CCC(CC5)(F)F)C(F)(F)F)C1,0.19
CatS_170,CS(=O)(=O)N1CCc2c(c(nn2C[C@H](CN3CCSCC3)O)c4ccc(c(c4)SCCN5CCC(CC5)(F)F)C(F)(F)F)C1,0.16
CatS_171,CC1(CCN(CC1)C[C@@H](Cn2c3c(c(n2)c4ccc(c(c4)SCCN5CCC(CC5)(F)F)C(F)(F)F)CN(CC3)S(=O)(=O)C)O)O,0.16
CatS_172,CS(=O)(=O)N1CCc2c(c(nn2C[C@H](CN3CCC=CC3)O)c4ccc(c(c4)SCCN5CCC(CC5)(F)F)C(F)(F)F)C1,0.25
CatS_173,CS(=O)(=O)N1CCc2c(c(nn2C[C@H](CN3CCC(CC3)C(=O)N)O)c4ccc(c(c4)SCCN5CCC(CC5)(F)F)C(F)(F)F)C1,0.085
CatS_174,CC(=O)NC1CCN(CC1)C[C@@H](Cn2c3c(c(n2)c4ccc(c(c4)SCCN5CCC(CC5)(F)F)C(F)(F)F)CN(CC3)S(=O)(=O)C)O,0.035
CatS_175,CC(C)(C1CCN(CC1)C[C@@H](Cn2c3c(c(n2)c4ccc(c(c4)SCCN5CCC(CC5)(F)F)C(F)(F)F)CN(CC3)S(=O)(=O)C)O)O,0.045
CatS_176,CC1(CCN(CC1)C[C@@H](Cn2c3c(c(n2)c4ccc(c(c4)SCCN5CCC(CC5)(F)F)C(F)(F)F)CN(CC3)S(=O)(=O)C)O)C,0.13
CatS_177,CS(=O)(=O)N1CCc2c(c(nn2C[C@H](CN3CCC(CC3)NC(=O)CO)O)c4ccc(c(c4)SCCN5CCC(CC5)(F)F)C(F)(F)F)C1,0.045
CatS_178,CS(=O)(=O)N1CCc2c(c(nn2C[C@H](CN3CCC(CC3)c4ccccn4)O)c5ccc(c(c5)SCCN6CCC(CC6)(F)F)C(F)(F)F)C1,0.01
CatS_179,CC(C)(C)C1CCN(CC1)C[C@@H](Cn2c3c(c(n2)c4ccc(c(c4)SCCN5CCC(CC5)(F)F)C(F)(F)F)CN(CC3)S(=O)(=O)C)O,0.03
CatS_180,CS(=O)(=O)N1CCc2c(c(nn2C[C@H](CN3CCC(CC3)C4CCCCC4)O)c5ccc(c(c5)SCCN6CCC(CC6)(F)F)C(F)(F)F)C1,0.02
CatS_181,CS(=O)(=O)N1CCc2c(c(nn2CCCN3CCOCC3)c4ccc(c(c4)C#Cc5ccc6c(c5)CCNCC6)Cl)C1,0.41
CatS_182,CC1CCN(CC1)CCSc2cc(ccc2C(F)(F)F)c3c4c(n(n3)C[C@H](CN5CCC(CC5)C)O)CCN(C4)S(=O)(=O)C,0.18
CatS_183,CC1CCN(CC1)CCSc2cc(ccc2C(F)(F)F)c3c4c(n(n3)C[C@H](CN5CCC(CC5)(C)C)O)CCN(C4)S(=O)(=O)C,0.18
CatS_184,CC1CCN(CC1)CCSc2cc(ccc2C(F)(F)F)c3c4c(n(n3)C[C@H](CN5CCC(CC5)C(C)(C)C)O)CCN(C4)S(=O)(=O)C,0.06
CatS_185,CC1CCN(CC1)CCSc2cc(ccc2C(F)(F)F)c3c4c(n(n3)C[C@H](CN5CCC(CC5)(C)O)O)CCN(C4)S(=O)(=O)C,0.57
CatS_186,CC1CCN(CC1)CCSc2cc(ccc2C(F)(F)F)c3c4c(n(n3)C[C@H](CN5CCCCC5)O)CCN(C4)S(=O)(=O)C,0.29
CatS_187,CC1CCN(CC1)CCSc2cc(ccc2C(F)(F)F)c3c4c(n(n3)C[C@H](CN5CCCCCC5)O)CCN(C4)S(=O)(=O)C,0.28
CatS_188,CC1CCN(CC1)CCSc2cc(ccc2C(F)(F)F)c3c4c(n(n3)C[C@H](CN5CCCC5)O)CCN(C4)S(=O)(=O)C,0.28
CatS_189,CC1CCN(CC1)CCSc2cc(ccc2C(F)(F)F)c3c4c(n(n3)C[C@H](CN5CCSCC5)O)CCN(C4)S(=O)(=O)C,0.29
CatS_190,CC1CCN(CC1)CCSc2cc(ccc2C(F)(F)F)c3c4c(n(n3)C[C@H](CN5CCC(CC5)NC(=O)[C@H](C)O)O)CCN(C4)S(=O)(=O)C,0.065
CatS_191,CC1CCN(CC1)CCSc2cc(ccc2C(F)(F)F)c3c4c(n(n3)C[C@H](CN5CCC(CC5)NC(=O)C(C)(C)O)O)CCN(C4)S(=O)(=O)C,0.045
CatS_192,CC1CCN(CC1)CCSc2cc(ccc2C(F)(F)F)c3c4c(n(n3)C[C@H](CN5CCC(CC5)N6C[C@@H](CC6=O)O)O)CCN(C4)S(=O)(=O)C,0.05
CatS_193,CC1CCN(CC1)CCSc2cc(ccc2C(F)(F)F)c3c4c(n(n3)C[C@H](CN5CCC(CC5)C6CCCCC6)O)CCN(C4)S(=O)(=O)C,0.02
CatS_194,CC1CCN(CC1)CCSc2cc(ccc2C(F)(F)F)c3c4c(n(n3)C[C@H](CN5CCC(CC5)C(=O)N)O)CCN(C4)S(=O)(=O)C,0.11
CatS_195,CC1CCN(CC1)CCSc2cc(ccc2C(F)(F)F)c3c4c(n(n3)C[C@H](CN5CCOCC5)O)CCN(C4)S(=O)(=O)C,0.29
CatS_196,CS(=O)(=O)N1CCc2c(c(nn2CCCN3CCOCC3)c4ccc(c(c4)C#Cc5cccc(c5)CN)Cl)C1,0.47
CatS_197,CC(C)(C)C1CCN(CC1)CCCn2c3c(c(n2)c4ccc(c(c4)C#Cc5ccc6c(c5)CNCC6)Cl)CN(CC3)S(=O)(=O)C,0.075
CatS_198,CS(=O)(=O)N1CCc2c(c(nn2CCCN3CCN(CC3)C(=O)c4ccccc4)c5ccc(c(c5)C#Cc6ccc(cc6)CNCc7ccc(cc7)Cl)Cl)C1,0.06
CatS_199,CS(=O)(=O)N1CCc2c(c(nn2CCCN3CCCCC3)c4ccc(c(c4)C#Cc5ccc6c(c5)CNCC6)Cl)C1,0.095
CatS_200,c1cc(c(cc1c2c3c(n(n2)C[C@H](CN4CCCCC4)O)CCN(C3)C(=O)C(=O)N)SCCN5CCCC5)C(F)(F)F,0.16
CatS_201,CC(=O)NC1CCN(CC1)C[C@@H](Cn2c3c(c(n2)c4ccc(c(c4)SCCN5CCCC5)C(F)(F)F)CN(CC3)C(=O)C(=O)N)O,0.045
CatS_202,c1cc(c(cc1c2c3c(n(n2)C[C@H](CN4CCC(CC4)N5C[C@@H](CC5=O)O)O)CCN(C3)C(=O)C(=O)N)SCCN6CCCC6)C(F)(F)F,0.035
CatS_203,CC(=O)NC1CCN(CC1)C[C@@H](Cn2c3c(c(n2)c4ccc(c(c4)SCCN5CCCC5)C(F)(F)F)CN(CC3)C(=O)C)O,0.16
CatS_204,CC(=O)N1CCc2c(c(nn2C[C@H](CN3CCC(CC3)N4C[C@@H](CC4=O)O)O)c5ccc(c(c5)SCCN6CCCC6)C(F)(F)F)C1,0.26
CatS_205,CN1CCc2c(c(nn2C[C@H](CN3CCC(CC3)N4C[C@@H](CC4=O)O)O)c5ccc(c(c5)SCCN6CCCC6)C(F)(F)F)C1,8.08
CatS_206,CS(=O)(=O)N1CCc2c(c(nn2CCCN3CCSCC3)c4ccc(c(c4)C#Cc5ccc(cc5)CNCc6ccc(cc6)Cl)Cl)C1,0.084
CatS_207,CS(=O)(=O)N1CCc2c(c(nn2CCCN3CC[C@@H](C3)O)c4ccc(c(c4)C#Cc5ccc(cc5)CNCc6ccc(cc6)Cl)Cl)C1,0.11
CatS_208,CS(=O)(=O)N1CCc2c(c(nn2CCCN3CC[C@H](C3)O)c4ccc(c(c4)C#Cc5ccc(cc5)CNCc6ccc(cc6)Cl)Cl)C1,0.12
CatS_209,CS(=O)(=O)N1CCc2c(c(nn2CCCN3CCN(CC3)c4ccccc4)c5ccc(c(c5)C#Cc6ccc7c(c6)CNCC7)Cl)C1,0.014
CatS_210,CS(=O)(=O)N1CCc2c(c(nn2CCCN3CCN(CC3)c4ccccn4)c5ccc(c(c5)C#Cc6ccc(cc6)CNCc7ccc(cc7)Cl)Cl)C1,0.017
CatS_211,CS(=O)(=O)N1CCc2c(c(nn2CCCN3CCOCC3)c4ccc(c(c4)C#Cc5ccccc5CN)Cl)C1,2.72
CatS_212,Cn1ccnc1C(=O)N2CCc3c(c(nn3C[C@H](CN4CCCCC4)O)c5ccc(c(c5)SCCN6CCC(CC6)F)C(F)(F)F)C2,0.57
CatS_213,CS(=O)(=O)N1CCc2c(c(nn2CCCN3CCOCC3)c4ccc(c(c4)C#Cc5ccccc5CNCc6ccccc6)Cl)C1,0.77
CatS_214,C[C@@H]1CN(C[C@@H](O1)C)CCCn2c3c(c(n2)c4ccc(c(c4)C#Cc5ccc(cc5)CNCc6ccc(cc6)Cl)Cl)CN(CC3)S(=O)(=O)C,0.13
CatS_215,CC1CCN(CC1)CCSc2cc(ccc2C(F)(F)F)c3c4c(n(n3)C[C@H](CN5CCCCC5)O)CCN(C4)C(=O)C(=O)N,0.14
CatS_216,CC(C)(C)OC(=O)N1CCCN(CC1)CCCn2c3c(c(n2)c4ccc(c(c4)C#Cc5ccc(cc5)CNCc6ccc(cc6)Cl)Cl)CN(CC3)S(=O)(=O)C,0.15
CatS_217,CS(=O)(=O)N1CCc2c(c(nn2C[C@H](CN3CCCN=C3)O)c4ccc(c(c4)SCCN5CC[C@@H](C5)F)C(F)(F)F)C1,10.06
CatS_218,CS(=O)(=O)N1CCc2c(c(nn2C[C@H](CN3CCCCC3)O)c4ccc(c(c4)SCCN5CC[C@@H](C5)F)C(F)(F)F)C1,1.27
CatS_219,CS(=O)(=O)N1CCc2c(c(nn2C[C@H](CN3CCOCC3)O)c4ccc(c(c4)SCCN5CC[C@@H](C5)F)C(F)(F)F)C1,2.11
CatS_220,CC1CCN(CC1)C[C@@H](Cn2c3c(c(n2)c4ccc(c(c4)SCCN5CC[C@@H](C5)F)C(F)(F)F)CN(CC3)S(=O)(=O)C)O,0.59
CatS_221,CS(=O)(=O)N1CCc2c(c(nn2C[C@H](CN3CCCCCC3)O)c4ccc(c(c4)SCCN5CC[C@@H](C5)F)C(F)(F)F)C1,1.1
CatS_222,CC1(CCN(CC1)C[C@@H](Cn2c3c(c(n2)c4ccc(c(c4)SCCN5CC[C@@H](C5)F)C(F)(F)F)CN(CC3)S(=O)(=O)C)O)O,1.58
CatS_223,CS(=O)(=O)N1CCc2c(c(nn2C[C@H](CN3CCC(CC3)C(=O)N)O)c4ccc(c(c4)SCCN5CC[C@@H](C5)F)C(F)(F)F)C1,1.16
CatS_224,CC(=O)NC1CCN(CC1)C[C@@H](Cn2c3c(c(n2)c4ccc(c(c4)SCCN5CC[C@@H](C5)F)C(F)(F)F)CN(CC3)S(=O)(=O)C)O,0.35
CatS_225,CC(C)(C1CCN(CC1)C[C@@H](Cn2c3c(c(n2)c4ccc(c(c4)SCCN5CC[C@@H](C5)F)C(F)(F)F)CN(CC3)S(=O)(=O)C)O)O,0.36
CatS_226,CC(C1CCN(CC1)C[C@@H](Cn2c3c(c(n2)c4ccc(c(c4)SCCN5CC[C@@H](C5)F)C(F)(F)F)CN(CC3)S(=O)(=O)C)O)(F)F,0.41
CatS_227,CC1(CCN(CC1)C[C@@H](Cn2c3c(c(n2)c4ccc(c(c4)SCCN5CC[C@@H](C5)F)C(F)(F)F)CN(CC3)S(=O)(=O)C)O)C,0.65
CatS_228,CS(=O)(=O)N1CCc2c(c(nn2C[C@H](CN3CCC(CC3)NC(=O)CO)O)c4ccc(c(c4)SCCN5CC[C@@H](C5)F)C(F)(F)F)C1,0.33
CatS_229,CS(=O)(=O)N1CCc2c(c(nn2C[C@H](CN3CCC(CC3)c4ccccn4)O)c5ccc(c(c5)SCCN6CC[C@@H](C6)F)C(F)(F)F)C1,0.035
CatS_230,CC(C)(C)C1CCN(CC1)C[C@@H](Cn2c3c(c(n2)c4ccc(c(c4)SCCN5CC[C@@H](C5)F)C(F)(F)F)CN(CC3)S(=O)(=O)C)O,0.22
CatS_231,CS(=O)(=O)N1CCc2c(c(nn2C[C@H](CN3CCC(CC3)C4CCCCC4)O)c5ccc(c(c5)SCCN6CC[C@@H](C6)F)C(F)(F)F)C1,0.065
CatS_232,CS(=O)(=O)N1CCc2c(c(nn2C[C@H](CN3CCC(CC3)N4C[C@@H](CC4=O)O)O)c5ccc(c(c5)SCCN6CC[C@@H](C6)F)C(F)(F)F)C1,0.26
CatS_233,CS(=O)(=O)N1CCc2c(c(nn2C[C@H](CN3CCC(CC3)N4C[C@H](CC4=O)O)O)c5ccc(c(c5)SCCN6CC[C@@H](C6)F)C(F)(F)F)C1,0.28
CatS_234,CS(=O)(=O)N1CCc2c(c(nn2CCCN3CCCNCC3)c4ccc(c(c4)C#Cc5ccc(cc5)CNCc6ccc(cc6)Cl)Cl)C1,0.26
CatS_235,CNC(=O)C(=O)N1CCc2c(c(nn2C[C@H](CN3CCCCC3)O)c4ccc(c(c4)SCCN5CCC(CC5)F)C(F)(F)F)C1,0.27
CatS_236,C[C@H]1COCCN1C[C@@H](Cn2c3c(c(n2)c4ccc(c(c4)SCCN5CCC(CC5)C)C(F)(F)F)CN(CC3)S(=O)(=O)C)O,0.41
CatS_237,CC(C)(C)OC(=O)N1Cc2ccc(cc2C1)C#Cc3cc(ccc3Cl)c4c5c(n(n4)CCCN6CCOCC6)CCN(C5)S(=O)(=O)C,0.18
CatS_238,CS(=O)(=O)N1CCc2c(c(nn2CCCN3CCOCC3)c4ccc(c(c4)C#Cc5ccc6c(c5)CNC6)Cl)C1,0.22
CatS_239,CS(=O)(=O)N1CCc2c(c(nn2CCCN3CCNC(=O)C3)c4ccc(c(c4)C#Cc5ccc(cc5)CNCc6ccc(cc6)Cl)Cl)C1,0.51
CatS_240,CS(=O)(=O)N1CCc2c(c(nn2CCCN3CCS(=O)(=O)CC3)c4ccc(c(c4)C#Cc5ccc(cc5)CNCc6ccc(cc6)Cl)Cl)C1,0.38
CatS_241,CS(=O)(=O)N1CCc2c(c(nn2CCCN3CCCOCC3)c4ccc(c(c4)C#Cc5ccc(cc5)CNCc6ccc(cc6)Cl)Cl)C1,0.11
CatS_242,C[C@H]1COCCN1CCCn2c3c(c(n2)c4ccc(c(c4)C#Cc5ccc(cc5)CNCc6ccc(cc6)Cl)Cl)CN(CC3)C(=O)N,0.11
CatS_243,C[C@H]1COCCN1CCCn2c3c(c(n2)c4ccc(c(c4)C#Cc5ccc(cc5)CNCc6ccc(cc6)Cl)Cl)CN(CC3)C(=O)CO,0.15
CatS_244,CS(=O)(=O)N1CCc2c(c(nn2CCCN3CCOCC3)c4ccc(c(c4)C#Cc5ccc(cc5)CNCc6cccnc6)Cl)C1,0.37
CatS_245,CS(=O)(=O)N1CCc2c(c(nn2CCCN3CCOCC3)c4ccc(c(c4)C#Cc5ccc(cc5)CNCc6ccncc6)Cl)C1,0.29
CatS_246,CS(=O)(=O)N1CCc2c(c(nn2CCCN3CCN(CC3)C4CC4)c5ccc(c(c5)C#Cc6ccc7c(c6)CN(CC7)C8CC8)Cl)C1,0.18
CatS_247,CS(=O)(=O)N1CCc2c(c(nn2CCCN3CCN(CC3)c4ccccc4O)c5ccc(c(c5)C#Cc6ccc(cc6)CNCc7ccc(cc7)Cl)Cl)C1,0.02
CatS_248,CS(=O)(=O)N1CCc2c(c(nn2C[C@H](CN3CCCCC3)O)c4ccc(c(c4)SCCN5CCCN=C5)C(F)(F)F)C1,1.29
CatS_249,CS(=O)(=O)N1CCc2c(c(nn2C[C@H](CN3CCCCC3)O)c4ccc(c(c4)SCCN5CCC[C@@H](C5)O)C(F)(F)F)C1,0.59
CatS_250,C[C@H]1COCCN1CCSc2cc(ccc2C(F)(F)F)c3c4c(n(n3)C[C@H](CN5CCCCC5)O)CCN(C4)S(=O)(=O)C,0.57
CatS_251,CC1(CCN(CC1)CCSc2cc(ccc2C(F)(F)F)c3c4c(n(n3)C[C@H](CN5CCCCC5)O)CCN(C4)S(=O)(=O)C)O,0.81
CatS_252,CS(=O)(=O)N1CCc2c(c(nn2C[C@H](CN3CCCCC3)O)c4ccc(c(c4)SCCN5CCC(CC5)C(=O)N)C(F)(F)F)C1,0.52
CatS_253,CC(C)(C)C1CCN(CC1)CCSc2cc(ccc2C(F)(F)F)c3c4c(n(n3)C[C@H](CN5CCCCC5)O)CCN(C4)S(=O)(=O)C,0.37
CatS_254,CC(C)(C1CCN(CC1)CCSc2cc(ccc2C(F)(F)F)c3c4c(n(n3)C[C@H](CN5CCCCC5)O)CCN(C4)S(=O)(=O)C)O,0.9
CatS_255,CS(=O)(=O)N1CCc2c(c(nn2C[C@H](CN3CCCCC3)O)c4ccc(c(c4)SCCN5CCC(CC5)NC(=O)CO)C(F)(F)F)C1,2.5
CatS_256,CS(=O)(=O)N1CCc2c(c(nn2C[C@H](CN3CCCCC3)O)c4ccc(c(c4)SCCN5CCC(CC5)(c6ccccn6)O)C(F)(F)F)C1,0.96
CatS_257,CS(=O)(=O)N1CCc2c(c(nn2CCCN3CCOCC3)c4ccc(c(c4)C#Cc5ccc(cc5)CNCc6ccccn6)Cl)C1,0.28
CatS_258,CS(=O)(=O)N1CCc2c(c(nn2CCCN3CCN(CC3)c4cccc(c4)O)c5ccc(c(c5)C#Cc6ccc(cc6)CNCc7ccc(cc7)Cl)Cl)C1,0.015
CatS_259,CS(=O)(=O)N1CCc2c(c(nn2CCCN3CCN(CC3)c4ccc(cc4)O)c5ccc(c(c5)C#Cc6ccc(cc6)CNCc7ccc(cc7)Cl)Cl)C1,0.035
CatS_260,CS(=O)(=O)N1CCc2c(c(nn2CCCN3CCN(CC3)c4ccncc4)c5ccc(c(c5)C#Cc6ccc(cc6)CNCc7ccc(cc7)Cl)Cl)C1,0.07
CatS_261,CS(=O)(=O)N1CCc2c(c(nn2CCCN3CCN(CC3)c4cccnc4)c5ccc(c(c5)C#Cc6ccc(cc6)CNCc7ccc(cc7)Cl)Cl)C1,0.02
CatS_262,CS(=O)(=O)N1CCc2c(c(nn2CCCN3CCOCC3)c4ccc(c(c4)C#Cc5ccc(cc5)CNCc6cccs6)Cl)C1,0.19
CatS_263,CS(=O)(=O)N1CCc2c(c(nn2CCCN3CCOCC3)c4ccc(c(c4)C#Cc5ccc(cc5)CNCc6ccsc6)Cl)C1,0.17
CatS_264,CS(=O)(=O)N1CCc2c(c(nn2CCCN3CCOCC3)c4ccc(c(c4)C#Cc5ccc(cc5)CNCCc6cccs6)Cl)C1,0.27
CatS_265,Cc1ccsc1CNCc2ccc(cc2)C#Cc3cc(ccc3Cl)c4c5c(n(n4)CCCN6CCOCC6)CCN(C5)S(=O)(=O)C,0.2
CatS_266,CS(=O)(=O)N1CCc2c(c(nn2CCCN3CCOCC3)c4ccc(c(c4)C#Cc5ccc(cc5)CNCc6ccco6)Cl)C1,0.065
CatS_267,Cc1cc(c(o1)C(F)(F)F)CNCc2ccc(cc2)C#Cc3cc(ccc3Cl)c4c5c(n(n4)CCCN6CCOCC6)CCN(C5)S(=O)(=O)C,0.39
CatS_268,CS(=O)(=O)N1CCc2c(c(nn2CCCN3CCN(CC3)C4CC4)c5ccc(c(c5)CCc6ccc7c(c6)CNCC7)Cl)C1,0.09
CatS_269,CS(=O)(=O)N1CCc2c(c(nn2C[C@H](CN3CCOCC3)O)c4ccc(c(c4)SCCN5CCCN=C5)C(F)(F)F)C1,1.85
CatS_270,CS(=O)(=O)N1CCc2c(c(nn2CCCN3CCOCC3)c4ccc(c(c4)C#Cc5cc(cnc5)CNCc6ccc(cc6)Cl)Cl)C1,3.75
CatS_271,CS(=O)(=O)N1CCc2c(c(nn2C[C@H](CN3CCOCC3)O)c4ccc(c(c4)SCCN5CCC[C@@H](C5)O)C(F)(F)F)C1,1.06
CatS_272,C[C@H]1COCCN1CCSc2cc(ccc2C(F)(F)F)c3c4c(n(n3)C[C@H](CN5CCOCC5)O)CCN(C4)S(=O)(=O)C,1.1
CatS_273,CC1(CCN(CC1)CCSc2cc(ccc2C(F)(F)F)c3c4c(n(n3)C[C@H](CN5CCOCC5)O)CCN(C4)S(=O)(=O)C)O,1.52
CatS_274,CS(=O)(=O)N1CCc2c(c(nn2C[C@H](CN3CCOCC3)O)c4ccc(c(c4)SCCN5CCC(CC5)C(=O)N)C(F)(F)F)C1,0.92
CatS_275,CC(=O)NC1CCN(CC1)CCSc2cc(ccc2C(F)(F)F)c3c4c(n(n3)C[C@H](CN5CCOCC5)O)CCN(C4)S(=O)(=O)C,2.65
CatS_276,CC(C)(C1CCN(CC1)CCSc2cc(ccc2C(F)(F)F)c3c4c(n(n3)C[C@H](CN5CCOCC5)O)CCN(C4)S(=O)(=O)C)O,1.13
CatS_277,CS(=O)(=O)N1CCc2c(c(nn2C[C@H](CN3CCOCC3)O)c4ccc(c(c4)SCCN5CCC(CC5)NC(=O)CO)C(F)(F)F)C1,3.14
CatS_278,CS(=O)(=O)N1CCc2c(c(nn2C[C@H](CN3CCOCC3)O)c4ccc(c(c4)SCCN5CCC(CC5)(c6ccccn6)O)C(F)(F)F)C1,1
CatS_279,c1ccc(cc1)N2CCN(CC2)CCCn3c4c(c(n3)c5ccc(c(c5)C#Cc6ccc(cc6)CNCc7ccc(cc7)Cl)Cl)CN(CC4)C(=O)CO,0.03
CatS_280,C[C@H]1COCCN1CCCn2c3c(c(n2)c4ccc(c(c4)C#Cc5ccc(cc5)CNCc6ccco6)Cl)CN(CC3)S(=O)(=O)C,0.23
CatS_281,C[C@H]1COCCN1CCCn2c3c(c(n2)c4ccc(c(c4)C#Cc5ccc(cc5)CNCc6cccs6)Cl)CN(CC3)S(=O)(=O)C,0.24
CatS_282,C[C@H]1COCCN1CCCn2c3c(c(n2)c4ccc(c(c4)C#Cc5ccc(cc5)CNCc6ccsc6)Cl)CN(CC3)S(=O)(=O)C,0.2
CatS_283,CS(=O)(=O)N1CCc2c(c(nn2CCCN3CCOCC3)c4ccc(c(c4)C#Cc5cccc(c5)CNCc6ccc(cc6)Cl)Cl)C1,0.72
CatS_284,CS(=O)(=O)N1CCc2c(c(nn2CCCN3C[C@@H]4C[C@H]3CO4)c5ccc(c(c5)C#Cc6cccc(c6)CNCc7ccc(cc7)Cl)Cl)C1,0.39
CatS_285,CS(=O)(=O)N1CCc2c(c(nn2CCCN3CCOCC3)c4ccc(c(c4)C#Cc5ccc(cc5)CN6CCc7ccccc7C6)Cl)C1,0.3
CatS_286,CS(=O)(=O)N1CCc2c(c(nn2CCCN3CCOCC3)c4ccc(c(c4)C#Cc5ccc(cc5)CN6Cc7ccccc7C6)Cl)C1,0.69
CatS_287,CS(=O)(=O)N1CCc2c(c(nn2CCCN3CCN(CC3)c4ccccn4)c5ccc(c(c5)C#Cc6cccc(c6)CNCc7ccc(cc7)Cl)Cl)C1,0.07
CatS_288,CC(=O)N1CCC(CC1)C2CCN(CC2)C[C@@H](Cn3c4c(c(n3)c5ccc(c(c5)CCc6ccc(cc6)Cl)Cl)CN(CC4)S(=O)(=O)C)O,0.07
CatS_289,CN1CCC(CC1)C2CCN(CC2)C[C@@H](Cn3c4c(c(n3)c5ccc(c(c5)CCc6ccc(cc6)Cl)Cl)CN(CC4)S(=O)(=O)C)O,0.015
CatS_290,c1cc(ccc1CNCc2ccc(cc2)Cl)C#Cc3cc(ccc3Cl)c4c5c(n(n4)CCCN6CCC(CC6)C(=O)N)CCN(C5)C(=O)C(=O)N,0.07
CatS_291,c1cc(ccc1CNCc2ccc(cc2)Cl)C#Cc3cc(ccc3Cl)c4c5c(n(n4)CCCN6CCC7(CC6)OCCO7)CCN(C5)C(=O)C(=O)N,0.095
CatS_292,c1cc(ccc1CNCc2ccc(cc2)Cl)C#Cc3cc(ccc3Cl)c4c5c(n(n4)CCCN6CCCC6)CCN(C5)C(=O)N,0.14
CatS_293,c1cc[n+](c(c1)N2CCN(CC2)CCCn3c4c(c(n3)c5ccc(c(c5)C#Cc6ccc(cc6)CNCc7ccc(cc7)Cl)Cl)CN(CC4)C(=O)N)[O-],0.035
CatS_294,CS(=O)(=O)N1CCc2c(c(nn2CCCN3CCOCC3)c4ccc(c(c4)C#Cc5ccc(cc5)CNCc6nccs6)Cl)C1,0.12
CatS_295,Cn1cncc1CNCc2ccc(cc2)C#Cc3cc(ccc3Cl)c4c5c(n(n4)CCCN6CCOCC6)CCN(C5)S(=O)(=O)C,0.087
CatS_296,CC(=O)NC1CCN(CC1)CCCn2c3c(c(n2)c4ccc(c(c4)C#Cc5ccc(cc5)CNCc6ccc(cc6)Cl)Cl)CN(CC3)C(=O)N,0.02
CatS_297,c1cc(ccc1CNCc2ccc(cc2)Cl)C#Cc3cc(ccc3Cl)c4c5c(n(n4)CCCN6CCN(CC6)C7CCC7)CCN(C5)C(=O)N,0.17
CatS_298,c1cc(ccc1CNCc2ccc(cc2)Cl)C#Cc3cc(ccc3Cl)c4c5c(n(n4)CCCN6CCC(CC6)C(=O)N)CCN(C5)C(=O)N,0.025
CatS_299,c1cc(ccc1CNCc2ccc(cc2)Cl)C#Cc3cc(ccc3Cl)c4c5c(n(n4)CCCN6CCC7(CC6)OCCO7)CCN(C5)C(=O)N,0.045
CatS_300,c1cc(ccc1CNCc2ccc(cc2)Cl)C#Cc3cc(ccc3Cl)c4c5c(n(n4)CCCN6CCN(CC6)C7CC7)CCN(C5)C(=O)N,0.11
CatS_301,CS(=O)(=O)N1CCc2c(c(nn2CCCN3CCN(CC3)c4ccccn4)c5ccc(c(c5)C#Cc6ccc(cc6)CN[C@@H]7Cc8ccccc8[C@@H]7O)Cl)C1,0.02
CatS_302,c1cc(ccc1CN2CCc3ccc(cc3C2)C#Cc4cc(ccc4Cl)c5c6c(n(n5)CCCN7CCOCC7)CCN(C6)C(=O)N)Cl,0.15
CatS_303,CS(=O)(=O)N1CCc2c(c(nn2CCCN3CCOCC3)c4ccc(c(c4)C#Cc5ccc6c(c5)CN[C@@H](C6)C(=O)N)Cl)C1,0.13
CatS_304,CNC(=O)[C@@H]1Cc2ccc(cc2CN1)C#Cc3cc(ccc3Cl)c4c5c(n(n4)CCCN6CCOCC6)CCN(C5)S(=O)(=O)C,0.075
CatS_305,CN(C)C(=O)[C@@H]1Cc2ccc(cc2CN1)C#Cc3cc(ccc3Cl)c4c5c(n(n4)CCCN6CCOCC6)CCN(C5)S(=O)(=O)C,0.05
CatS_306,CS(=O)(=O)N1CCc2c(c(nn2CCCN3CCN(CC3)c4ccccn4)c5ccc(c(c5)C#Cc6ccc(cc6)CN[C@@H]7CCCc8c7cccc8)Cl)C1,0.025
CatS_307,CS(=O)(=O)N1CCc2c(c(nn2CCCN3CCN(CC3)c4ccccc4)c5ccc(c(c5)C#Cc6ccc(cc6)CN[C@@H]7CCCc8c7cccc8)Cl)C1,0.015
CatS_308,C[C@H]1COCCN1CCCn2c3c(c(n2)c4ccc(c(c4)C#Cc5ccc6c(c5)CN(CC6)C(=O)OC(C)(C)C)Cl)CN(CC3)S(=O)(=O)C,0.26
CatS_309,C[C@H]1COCCN1CCCn2c3c(c(n2)c4ccc(c(c4)C#Cc5ccc6c(c5)CNCC6)Cl)CN(CC3)S(=O)(=O)C,0.11
CatS_310,CS(=O)(=O)N1CCc2c(c(nn2CCCN3CCN(CC3)c4ccccc4)c5ccc(c(c5)C#Cc6ccc7c(c6)CN(CC7)C8CC8)Cl)C1,0.035
CatS_311,C[C@H]1COCCN1CCCn2c3c(c(n2)c4ccc(c(c4)C#Cc5ccc6c(c5)CN(CC6)C)Cl)CN(CC3)S(=O)(=O)C,0.12
CatS_312,CC(C)(C)OC(=O)N1CCC(CC1)C2CCN(CC2)C[C@@H](Cn3c4c(c(n3)c5ccc(c(c5)C#Cc6ccccn6)Cl)CN(CC4)S(=O)(=O)C)O,0.28
CatS_313,CC(C)(C)OC(=O)N1CCC(CC1)C2CCN(CC2)C[C@@H](Cn3c4c(c(n3)c5ccc(c(c5)C#Cc6cccnc6)Cl)CN(CC4)S(=O)(=O)C)O,0.33
CatS_314,CC(C)(C)OC(=O)N1CCC(CC1)C2CCN(CC2)C[C@@H](Cn3c4c(c(n3)c5ccc(c(c5)C#CCc6ccccc6)Cl)CN(CC4)S(=O)(=O)C)O,1.53
CatS_315,CS(=O)(=O)N1CCc2c(c(nn2CCCN3CCOCC3)c4ccc(c(c4)C#Cc5ccc(cc5)CNCCO)Cl)C1,0.53
CatS_316,CS(=O)(=O)N1CCc2c(c(nn2CCCN3CCN(CC3)c4ccccn4)c5ccc(c(c5)C#Cc6ccc(cc6)CN[C@H]7CCCc8c7cccc8)Cl)C1,0.065
CatS_317,CC(C)CC#Cc1cc(ccc1Cl)c2c3c(n(n2)C[C@H](CN4CCC(CC4)C5CCNCC5)O)CCN(C3)S(=O)(=O)C,0.61
CatS_318,CCN(CC)CC#Cc1cc(ccc1Cl)c2c3c(n(n2)C[C@H](CN4CCC(CC4)C5CCNCC5)O)CCN(C3)S(=O)(=O)C,7.42
CatS_319,CS(=O)(=O)N1CCc2c(c(nn2C[C@H](CN3CCC(CC3)C4CCNCC4)O)c5ccc(c(c5)C#Cc6ccccn6)Cl)C1,0.12
CatS_320,CS(=O)(=O)N1CCc2c(c(nn2C[C@H](CN3CCC(CC3)C4CCNCC4)O)c5ccc(c(c5)C#Cc6cccnc6)Cl)C1,0.18
CatS_321,CS(=O)(=O)N1CCc2c(c(nn2CCCN3CCN(CC3)c4ccccc4)c5ccc(c(c5)C#Cc6ccc(cc6)CNCC(F)(F)F)Cl)C1,0.1
CatS_322,C[C@H]1COCCN1CCCn2c3c(c(n2)c4ccc(c(c4)C#Cc5ccc6c(c5)CN(CC6)C7CC7)Cl)CN(CC3)C(=O)C(=O)N,0.1
CatS_323,CS(=O)(=O)N1CCc2c(c(nn2CCCN3CCOCC3)c4ccc(c(c4)C#Cc5ccc6cc[nH]c6n5)Cl)C1,0.18
CatS_324,CN1CCN(CC1)C(=O)[C@@H]2Cc3ccc(cc3CN2)C#Cc4cc(ccc4Cl)c5c6c(n(n5)CCCN7CCOCC7)CCN(C6)S(=O)(=O)C,0.05
CatS_325,CS(=O)(=O)N1CCc2c(c(nn2CCCN3CCOCC3)c4ccc(c(c4)C#Cc5ccc6c(c5)CN[C@@H](C6)C(=O)N7CCOCC7)Cl)C1,0.018
CatS_326,c1cc(cc(c1)Cl)CNCc2ccc(cc2)C#Cc3cc(ccc3Cl)c4c5c(n(n4)CCCN6CCSCC6)CCN(C5)C(=O)N,0.06
CatS_327,c1ccc(c(c1)CNCc2ccc(cc2)C#Cc3cc(ccc3Cl)c4c5c(n(n4)CCCN6CCSCC6)CCN(C5)C(=O)N)Cl,0.14
CatS_328,CS(=O)(=O)N1CCc2c(c(nn2CCCN3CCOCC3)c4ccc(c(c4)C#Cc5ccc6c(c5)CNCCC6)Cl)C1,0.48
CatS_329,CS(=O)(=O)N1CCc2c(c(nn2CCCN3C[C@@H]4C[C@H]3CN4)c5ccc(c(c5)C#Cc6ccc(cc6)CNCc7ccc(cc7)Cl)Cl)C1,0.3
CatS_330,CN(Cc1ccc(cc1)C#Cc2cc(ccc2Cl)c3c4c(n(n3)CCCN5CCOCC5)CCN(C4)S(=O)(=O)C)Cc6ccc(cc6)Cl,0.77
CatS_331,C[C@H]1COCCN1CCCn2c3c(c(n2)c4ccc(c(c4)C#Cc5ccc(cc5)CN(C)Cc6ccc(cc6)Cl)Cl)CN(CC3)S(=O)(=O)C,0.58
CatS_332,C[C@H]1COCCN1CCCn2c3c(c(n2)c4ccc(c(c4)C#Cc5ccc6c(c5)CN(CC6)CC(F)(F)F)Cl)CN(CC3)S(=O)(=O)C,0.75
CatS_333,CN(Cc1ccc(cc1)C#Cc2cc(ccc2Cl)c3c4c(n(n3)CCCN5CCN(CC5)c6ccccn6)CCN(C4)S(=O)(=O)C)Cc7ccc(cc7)Cl,0.11
CatS_334,CN(Cc1ccc(cc1)C#Cc2cc(ccc2Cl)c3c4c(n(n3)CCCN5CCSCC5)CCN(C4)S(=O)(=O)C)Cc6ccc(cc6)Cl,0.66
CatS_335,CS(=O)(=O)N1CCc2c(c(nn2CCCN3CCOCC3)c4ccc(c(c4)C#Cc5cccc(c5)C=O)Cl)C1,0.31
CatS_336,CS(=O)(=O)N1CCc2c(c(nn2CCCN3CCOCC3)c4ccc(c(c4)C#Cc5cccc(c5)CNCCc6ccccc6)Cl)C1,0.28
CatS_337,CS(=O)(=O)N1CCc2c(c(nn2CCCN3CCOCC3)c4ccc(c(c4)C#Cc5ccc6c(c5)CCN(C6)CC7CC7)Cl)C1,0.63
CatS_338,CS(=O)(=O)N1CCc2c(c(nn2CCCN3CCOCC3)c4ccc(c(c4)C#Cc5cccc(c5)CNCCO)Cl)C1,0.52
CatS_339,c1cc(ccc1CNCc2ccc(cc2)Cl)C#Cc3cc(ccc3Cl)c4c5c(n(n4)C[C@@H](CN6CCOCC6)O)CCN(C5)C(=O)C(=O)N,0.24
CatS_340,Cc1cccc(c1)CNCc2ccc(cc2)C#Cc3cc(ccc3Cl)c4c5c(n(n4)CCCN6CCSCC6)CCN(C5)C(=O)N,0.11
CatS_341,Cc1ccc(cc1)CNCc2ccc(cc2)C#Cc3cc(ccc3Cl)c4c5c(n(n4)CCCN6CCSCC6)CCN(C5)C(=O)N,0.12
CatS_342,CS(=O)(=O)N1CCc2c(c(nn2CCCN3CCOCC3)c4ccc(c(c4)C#Cc5ccc6c(c5)CCN(C6)C7CC7)Cl)C1,0.2
CatS_343,CS(=O)(=O)N1CCc2c(c(nn2CCCN3CCOCC3)c4ccc(c(c4)C#Cc5cccc(c5)CNCCCO)Cl)C1,0.5
CatS_344,CS(=O)(=O)N1CCc2c(c(nn2CCCN3CCOCC3)c4ccc(c(c4)C#Cc5cccc(c5)CNc6ccccc6)Cl)C1,1.61
CatS_345,C[C@H]1COCCN1CCCn2c3c(c(n2)c4ccc(c(c4)C#Cc5ccc6c(c5)CCN(C6)C7CC7)Cl)CN(CC3)S(=O)(=O)C,0.22
CatS_346,c1cc(cc(c1)C#Cc2cc(ccc2Cl)c3c4c(n(n3)CCCN5CCSCC5)CCN(C4)C(=O)N)CNCc6cccc(c6)Cl,0.14
CatS_347,c1cc(cc(c1)C#Cc2cc(ccc2Cl)c3c4c(n(n3)CCCN5CCSCC5)CCN(C4)C(=O)N)CNCc6ccc(cc6)Cl,0.2
CatS_348,c1ccc(c(c1)CNCc2cccc(c2)C#Cc3cc(ccc3Cl)c4c5c(n(n4)CCCN6CCSCC6)CCN(C5)C(=O)N)F,0.25
CatS_349,c1cc(cc(c1)C#Cc2cc(ccc2Cl)c3c4c(n(n3)CCCN5CCSCC5)CCN(C4)C(=O)N)CNCc6cccc(c6)F,0.19
CatS_350,c1cc(cc(c1)C#Cc2cc(ccc2Cl)c3c4c(n(n3)CCCN5CCSCC5)CCN(C4)C(=O)N)CNCc6ccc(cc6)F,0.19
CatS_351,CN1CCc2cc(ccc2C1)C#Cc3cc(ccc3Cl)c4c5c(n(n4)CCCN6CCOCC6)CCN(C5)S(=O)(=O)C,0.39
CatS_352,C[C@H]1COCCN1CCCn2c3c(c(n2)c4ccc(c(c4)C#Cc5ccc6c(c5)CCN(C6)C)Cl)CN(CC3)S(=O)(=O)C,0.4
CatS_353,CC(C)CNCc1cccc(c1)C#Cc2cc(ccc2Cl)c3c4c(n(n3)CCCN5CCOCC5)CCN(C4)S(=O)(=O)C,0.44
CatS_354,CS(=O)(=O)N1CCc2c(c(nn2CCCN3CCOCC3)c4ccc(c(c4)C#Cc5cccc(c5)CNCc6ccccn6)Cl)C1,0.15
CatS_355,CS(=O)(=O)N1CCc2c(c(nn2CCCN3CCOCC3)c4ccc(c(c4)C#Cc5cccc(c5)CNCc6cccnc6)Cl)C1,0.37
CatS_356,CS(=O)(=O)N1CCc2c(c(nn2CCCN3CCOCC3)c4ccc(c(c4)C#Cc5cccc(c5)CNCc6ccncc6)Cl)C1,0.33
CatS_357,CC(C)CN1CCc2cc(ccc2C1)C#Cc3cc(ccc3Cl)c4c5c(n(n4)CCCN6CCOCC6)CCN(C5)S(=O)(=O)C,0.53
CatS_358,C[C@H]1COCCN1CCCn2c3c(c(n2)c4ccc(c(c4)CCc5ccc(cc5)CNCc6ccc(cc6)Cl)Cl)CN(CC3)C(=O)N,0.057
CatS_359,COC(=O)CNCc1cccc(c1)C#Cc2cc(ccc2Cl)c3c4c(n(n3)CCCN5CCOCC5)CCN(C4)S(=O)(=O)C,0.55
CatS_360,CS(=O)(=O)c1ccc(cc1)CNCc2cccc(c2)C#Cc3cc(ccc3Cl)c4c5c(n(n4)CCCN6CCOCC6)CCN(C5)S(=O)(=O)C,0.53
CatS_361,CCOC(=O)CN1CCc2cc(ccc2C1)C#Cc3cc(ccc3Cl)c4c5c(n(n4)CCCN6CCOCC6)CCN(C5)S(=O)(=O)C,0.37
CatS_362,CS(=O)(=O)N1CCc2c(c(nn2CCCN3CCOCC3)c4ccc(c(c4)C#Cc5ccc6c(c5)CCN(C6)CC=C)Cl)C1,0.3
CatS_363,C[C@H]1COCCN1C[C@H](Cn2c3c(c(n2)c4ccc(c(c4)C#Cc5ccc(cc5)CNCc6ccc(cc6)Cl)Cl)CN(CC3)C(=O)C(=O)N)O,0.045
CatS_364,CS(=O)(=O)N1CCc2c(c(nn2CCCN3CCOCC3)c4ccc(c(c4)C#Cc5cccc(c5)CNCC6CCOCC6)Cl)C1,0.52
CatS_365,CN(Cc1ccccc1)Cc2cccc(c2)C#Cc3cc(ccc3Cl)c4c5c(n(n4)CCCN6CCOCC6)CCN(C5)S(=O)(=O)C,0.58
CatS_366,CS(=O)(=O)N1CCc2c(c(nn2CCCN3CCOCC3)c4ccc(c(c4)C#Cc5cccc(c5)CNCC(=O)O)Cl)C1,0.14
CatS_367,C[C@H]1COCCN1CCCn2c3c(c(n2)c4ccc(c(c4)C#Cc5ccc(c(c5)CNCc6ccccc6)Cl)Cl)CN(CC3)S(=O)(=O)C,0.03
CatS_368,CS(=O)(=O)N1CCc2c(c(nn2CCCN3CCOCC3)c4ccc(c(c4)C#Cc5ccc(c(c5)CNCc6ccccc6)Cl)Cl)C1,0.05
CatS_369,C[C@H]1COCCN1C[C@H](Cn2c3c(c(n2)c4ccc(c(c4)C#Cc5ccc(cc5)CNCc6ccc(cc6)Cl)Cl)CN(CC3)S(=O)(=O)C)O,0.12
CatS_370,CC(C)CNCc1cccc(c1)CCc2cc(ccc2Cl)c3c4c(n(n3)CCCN5CCOCC5)CCN(C4)S(=O)(=O)C,0.64
CatS_371,CS(=O)(=O)N1CCc2c(c(nn2CCCN3CCOCC3)c4ccc(c(c4)CCc5cccc(c5)CNCC6CCOCC6)Cl)C1,0.69
CatS_372,Cc1ccccc1CNCc2ccc(cc2)C#Cc3cc(ccc3Cl)c4c5c(n(n4)CCCN6CCSCC6)CCN(C5)C(=O)N,0.085
CatS_373,COc1ccccc1CNCc2ccc(cc2)C#Cc3cc(ccc3Cl)c4c5c(n(n4)CCCN6CCSCC6)CCN(C5)C(=O)N,0.1
CatS_374,COc1cccc(c1)CNCc2ccc(cc2)C#Cc3cc(ccc3Cl)c4c5c(n(n4)CCCN6CCSCC6)CCN(C5)C(=O)N,0.085
CatS_375,c1cc(ccc1CNCc2ccc(cc2)Cl)C#Cc3cc(ccc3Cl)c4c5c(n(n4)C[C@@H](CN6CCSCC6)O)CCN(C5)C(=O)C(=O)N,0.075
CatS_376,c1cc(ccc1CNCc2ccc(cc2)Cl)C#Cc3cc(ccc3Cl)c4c5c(n(n4)C[C@@H](CN6CCSCC6)O)CCN(C5)C(=O)N,0.11
CatS_377,CS(=O)(=O)N1CCc2c(c(nn2C[C@@H](CN3CCSCC3)O)c4ccc(c(c4)C#Cc5ccc(cc5)CNCc6ccc(cc6)Cl)Cl)C1,0.12
CatS_378,CS(=O)(=O)N1CCc2c(c(nn2CCCN3CCOCC3)c4ccc(c(c4)CCc5cccc(c5)CNCc6ccccc6)Cl)C1,0.64
CatS_379,CS(=O)(=O)N1CCc2c(c(nn2CCCN3CCS(=O)CC3)c4ccc(c(c4)C#Cc5ccc(cc5)CNCc6ccc(cc6)Cl)Cl)C1,0.28
CatS_380,COc1ccc(cc1)CNCc2ccc(cc2)C#Cc3cc(ccc3Cl)c4c5c(n(n4)CCCN6CCSCC6)CCN(C5)C(=O)N,0.11
CatS_381,C[C@H]1COCCN1CCCn2c3c(c(n2)c4ccc(c(c4)C#Cc5ccc(c(c5)CNCc6ccccn6)Cl)Cl)CN(CC3)C(=O)C(=O)N,0.01
CatS_382,CS(=O)(=O)N1CCc2c(c(nn2CCCN3CCOCC3)c4ccc(c(c4)C#Cc5ccc(c(c5)CNCc6ccccc6)F)Cl)C1,0.21
CatS_383,C[C@H]1COCCN1CCCn2c3c(c(n2)c4ccc(c(c4)C#Cc5ccc(c(c5)CNCc6ccccc6)F)Cl)CN(CC3)S(=O)(=O)C,0.21
CatS_384,COC(=O)[C@H]1Cc2ccc(cc2CN1)C#Cc3cc(ccc3Cl)c4c5c(n(n4)CCCN6CCOCC6)CCN(C5)S(=O)(=O)C,0.09
CatS_385,CS(=O)(=O)N1CCc2c(c(nn2CCCN3CCOCC3)c4ccc(c(c4)C#Cc5ccc6c(c5)CN[C@H](C6)C(=O)N7CCOCC7)Cl)C1,0.96
CatS_386,CS(=O)(=O)N1CCc2c(c(nn2CCCN3CCOCC3)c4ccc(c(c4)C#Cc5ccc6c(c5)CN[C@H](C6)C(=O)N7CCCC7)Cl)C1,0.65
CatS_387,CS(=O)(=O)N1CCc2c(c(nn2CCCN3CCOCC3)c4ccc(c(c4)C#Cc5ccc6c(c5)CN[C@H](C6)C(=O)N)Cl)C1,0.2
CatS_388,c1ccc(c(c1)CNCc2ccc(cc2)C#Cc3cc(ccc3Cl)c4c5c(n(n4)CCCN6CCSCC6)CCN(C5)C(=O)N)F,0.18
CatS_389,c1cc(cc(c1)F)CNCc2ccc(cc2)C#Cc3cc(ccc3Cl)c4c5c(n(n4)CCCN6CCSCC6)CCN(C5)C(=O)N,0.13
CatS_390,c1cc(ccc1CNCc2ccc(cc2)F)C#Cc3cc(ccc3Cl)c4c5c(n(n4)CCCN6CCSCC6)CCN(C5)C(=O)N,0.13
CatS_391,CS(=O)(=O)N1CCc2c(c(nn2CCCN3CCOCC3)c4ccc(c(c4)C#Cc5ccc6c(c5)CN[C@H](C6)CO)Cl)C1,0.19
CatS_392,C[C@H]1COC[C@@H](N1CCCn2c3c(c(n2)c4ccc(c(c4)C#Cc5ccc(cc5)CNCc6ccc(cc6)Cl)Cl)CN(CC3)C(=O)C(=O)N)C,0.04
CatS_393,c1ccnc(c1)CNCc2cc(ccc2Cl)C#Cc3cc(ccc3Cl)c4c5c(n(n4)CCCN6CCSCC6)CCN(C5)C(=O)N,0.02
CatS_394,CS(=O)(=O)N1CCc2c(c(nn2CCCN3CCOCC3)c4ccc(c(c4)C#Cc5ccc(c(c5)Cl)CNCc6ccccc6)Cl)C1,0.27
CatS_395,CS(=O)(=O)N1CCc2c(c(nn2CCCN3CCOCC3)c4ccc(c(c4)C#Cc5ccc(c(c5)Cl)CNCc6ccc(cc6)Cl)Cl)C1,0.3
CatS_396,C[C@H]1COCCN1C[C@@H](Cn2c3c(c(n2)c4ccc(c(c4)C#Cc5ccc(cc5)CNCc6ccc(cc6)Cl)Cl)CN(CC3)C(=O)C(=O)N)O,0.065
CatS_397,C[C@H]1COCCN1CCCn2c3c(c(n2)c4ccc(c(c4)C#Cc5ccc(c(c5)CNCCO)Cl)Cl)CN(CC3)S(=O)(=O)C,0.05
CatS_398,CS(=O)(=O)N1CCc2c(c(nn2C[C@H](CN3CCSCC3)O)c4ccc(c(c4)C#Cc5ccc(cc5)CNCc6ccc(cc6)Cl)Cl)C1,0.13
CatS_399,c1cc(ccc1COCC2CCNCC2)C#Cc3cc(ccc3Cl)c4c5c(n(n4)CCCN6CCSCC6)CCN(C5)C(=O)N,0.13
CatS_400,CN(C)c1ccc(cc1)CNCc2ccc(cc2)C#Cc3cc(ccc3Cl)c4c5c(n(n4)CCCN6CCSCC6)CCN(C5)C(=O)N,0.19
CatS_401,CC(C)Oc1ccc(cc1)CNCc2ccc(cc2)C#Cc3cc(ccc3Cl)c4c5c(n(n4)CCCN6CCSCC6)CCN(C5)C(=O)N,0.27
CatS_402,c1cc(ccc1CNCc2ccc(cc2)OC(F)F)C#Cc3cc(ccc3Cl)c4c5c(n(n4)CCCN6CCSCC6)CCN(C5)C(=O)N,0.23
CatS_403,c1cc(ccc1CN2CCC(CC2)N3C[C@@H](CC3=O)O)C#Cc4cc(ccc4Cl)c5c6c(n(n5)CCCN7CCSCC7)CCN(C6)C(=O)N,1.01
CatS_404,CSc1ccc(cc1)CNCc2ccc(cc2)C#Cc3cc(ccc3Cl)c4c5c(n(n4)CCCN6CCSCC6)CCN(C5)C(=O)N,0.095
CatS_405,c1cc(ccc1CNCc2ccc(cc2)N)C#Cc3cc(ccc3Cl)c4c5c(n(n4)CCCN6CCSCC6)CCN(C5)C(=O)N,0.1
CatS_406,C[C@H]1COCCN1CCCn2c3c(c(n2)c4ccc(c(c4)C#Cc5ccc(c(c5)CNCc6ccccc6)Cl)Cl)CN(CC3)C(=O)N,0.02
CatS_407,c1cc(ccc1C#Cc2cc(ccc2Cl)c3c4c(n(n3)CCCN5CCSCC5)CCN(C4)C(=O)N)C(=O)N6CCCC6,0.73
CatS_408,c1cc(ccc1C#Cc2cc(ccc2Cl)c3c4c(n(n3)CCCN5CCSCC5)CCN(C4)C(=O)N)C(=O)N6CC[C@H](C6)O,0.5
CatS_409,C[C@H]1COCCN1CCCn2c3c(c(n2)c4ccc(c(c4)C#Cc5ccc(c(c5)CNCC(=O)O)Cl)Cl)CN(CC3)C(=O)N,0.015
CatS_410,c1cc(ccc1CNCc2ccc(cc2)Cl)C#Cc3cc(ccc3Cl)c4c5c(n(n4)CCCN6C[C@@H]7COC[C@@H]7C6)CCN(C5)C(=O)N,0.05
CatS_411,c1cc(c(cc1C#Cc2cc(ccc2Cl)c3c4c(n(n3)CCCN5CCSCC5)CCN(C4)C(=O)C(=O)N)C(=O)NC[C@@H]6CCCN6)Cl,0.025
CatS_412,C[C@H]1COCCN1CCCn2c3c(c(n2)c4ccc(c(c4)C#Cc5ccc(c(c5)C(=O)NCCCO)Cl)Cl)CN(CC3)C(=O)C(=O)N,0.02
CatS_413,C[C@H]1COCCN1CCCn2c3c(c(n2)c4ccc(c(c4)C#Cc5ccc(c(c5)CNCC(C)(C)O)Cl)Cl)CN(CC3)C(=O)C(=O)N,0.025
CatS_414,CNCCCNC(=O)c1cc(ccc1Cl)C#Cc2cc(ccc2Cl)c3c4c(n(n3)CCCN5CCSCC5)CCN(C4)C(=O)C(=O)N,0.02
CatS_415,CCNCc1cc(ccc1Cl)C#Cc2cc(ccc2Cl)c3c4c(n(n3)CCCN5CCOC[C@@H]5C)CCN(C4)C(=O)C(=O)N,0.015
CatS_416,c1cc(c(cc1C#Cc2cc(ccc2Cl)c3c4c(n(n3)CCCN5CCSCC5)CCN(C4)C(=O)C(=O)N)C(=O)N6CCCC6)Cl,0.16
CatS_417,c1cc(c(cc1C#Cc2cc(ccc2Cl)c3c4c(n(n3)CCCN5CCSCC5)CCN(C4)C(=O)C(=O)N)C(=O)N6CCNCC6)Cl,0.14
CatS_418,c1cc(c(cc1C#Cc2cc(ccc2Cl)c3c4c(n(n3)CCCN5CCSCC5)CCN(C4)C(=O)C(=O)N)C(=O)N6CCCNCC6)Cl,0.15
CatS_419,c1cc(c(cc1C#Cc2cc(ccc2Cl)c3c4c(n(n3)CCCN5CCSCC5)CCN(C4)C(=O)N)C(=O)N6CCCC6)Cl,0.26
CatS_420,c1cc(c(cc1C#Cc2cc(ccc2Cl)c3c4c(n(n3)CCCN5CCSCC5)CCN(C4)C(=O)N)C(=O)N6CCCNCC6)Cl,0.17
CatS_421,C[C@H]1COCCN1CCCn2c3c(c(n2)c4ccc(c(c4)C#Cc5ccc(c(c5)C(=O)N6CCCC6)Cl)Cl)CN(CC3)C(=O)C(=O)N,0.19
CatS_422,C[C@H]1COCCN1CCCn2c3c(c(n2)c4ccc(c(c4)C#Cc5ccc(c(c5)C(=O)N6CCNCC6)Cl)Cl)CN(CC3)C(=O)C(=O)N,0.14
CatS_423,C[C@H]1COCCN1CCCn2c3c(c(n2)c4ccc(c(c4)C#Cc5ccc(c(c5)C(=O)N6CCCNCC6)Cl)Cl)CN(CC3)C(=O)C(=O)N,0.17
CatS_424,C[C@H]1COCCN1CCCn2c3c(c(n2)c4ccc(c(c4)C#Cc5ccc(c(c5)C(=O)NCCCN(C)C(=O)OC(C)(C)C)Cl)Cl)CN(CC3)C(=O)C(=O)N,0.045
CatS_425,C[C@H]1COCCN1CCCn2c3c(c(n2)c4ccc(c(c4)C#Cc5ccc(c(c5)C(=O)NCCCNC)Cl)Cl)CN(CC3)C(=O)C(=O)N,0.035
CatS_426,C[C@H]1COCCN1CCCn2c3c(c(n2)c4ccc(c(c4)C#Cc5ccc(c(c5)C(=O)NCCCNC(=O)OC(C)(C)C)Cl)Cl)CN(CC3)C(=O)C(=O)N,0.02
CatS_427,c1cc(c(cc1C#Cc2cc(ccc2Cl)c3c4c(n(n3)CCCN5CCSCC5)CCN(C4)C(=O)C(=O)N)C(=O)NC[C@@H]6CCNC6)Cl,0.015
CatS_428,c1cc(c(cc1C#Cc2cc(ccc2Cl)c3c4c(n(n3)CCCN5CCSCC5)CCN(C4)C(=O)N)C(=O)NC[C@@H]6CCNC6)Cl,0.035
CatS_429,C[C@H]1COCCN1CCCn2c3c(c(n2)c4ccc(c(c4)C#Cc5ccc(c(c5)C(=O)NC[C@@H]6CCNC6)Cl)Cl)CN(CC3)C(=O)C(=O)N,0.02
CatS_430,C[C@H]1COCCN1CCCn2c3c(c(n2)c4ccc(c(c4)C#Cc5ccc(c(c5)C(=O)NCCN6CCOCC6)Cl)Cl)CN(CC3)C(=O)C(=O)N,0.03
CatS_431,C[C@H]1COCCN1CCCn2c3c(c(n2)c4ccc(c(c4)C#Cc5ccc(c(c5)CN(CCO)CCO)Cl)Cl)CN(CC3)C(=O)C(=O)N,0.025
CatS_432,C[C@H]1COCCN1CCCn2c3c(c(n2)c4ccc(c(c4)C#Cc5ccc(c(c5)COCCCO)Cl)Cl)CN(CC3)C(=O)C(=O)N,0.04
CatS_433,C[C@H]1COCCN1CCCn2c3c(c(n2)c4ccc(c(c4)C#Cc5ccc(c(c5)CN6CCOCC6)Cl)Cl)CN(CC3)C(=O)C(=O)N,0.04
CatS_434,C[C@H]1COCCN1CCCn2c3c(c(n2)c4ccc(c(c4)C#Cc5ccc(c(c5)CNC6CC6)Cl)Cl)CN(CC3)C(=O)C(=O)N,0.03
CatS_435,C[C@H]1COCCN1CCCn2c3c(c(n2)c4ccc(c(c4)C#Cc5ccc(c(c5)CNC6CCCC6)Cl)Cl)CN(CC3)C(=O)C(=O)N,0.01
CatS_436,c1cc(c(cc1C#Cc2cc(ccc2Cl)c3c4c(n(n3)CCCN5CCCCC5)CCN(C4)C(=O)N)C(=O)NCCN6CCOCC6)Cl,0.07
CatS_437,c1cc(c(cc1C#Cc2cc(ccc2Cl)c3c4c(n(n3)CCCN5CCCCC5)CCN(C4)C(=O)C(=O)N)C(=O)NCCN6CCOCC6)Cl,0.03
CatS_438,c1cc(c(cc1C#Cc2cc(ccc2Cl)c3c4c(n(n3)CCCN5CCCCC5)CCN(C4)C(=O)C(=O)N)CNC6CCCC6)Cl,0.01
CatS_439,c1cc(c(cc1C#Cc2cc(ccc2Cl)c3c4c(n(n3)CCCN5CCCCC5)CCN(C4)C(=O)N)CNC6CC6)Cl,0.03
CatS_440,CS(=O)(=O)N1CCc2c(c(nn2CCCN3CCCCC3)c4ccc(c(c4)C#Cc5ccc(c(c5)CNC6CCCC6)Cl)Cl)C1,0.04
CatS_441,C[C@H]1COCCN1CCCn2c3c(c(n2)c4ccc(c(c4)C#Cc5ccc(c(c5)C(=O)NCC6CNC6)Cl)Cl)CN(CC3)C(=O)C(=O)N,0.03
CatS_442,c1cc(c(cc1C#Cc2cc(ccc2Cl)c3c4c(n(n3)CCCN5CCSCC5)CCN(C4)C(=O)N)CNC6CCCC6)Cl,0.025
CatS_443,c1cc(c(cc1C#Cc2cc(ccc2Cl)c3c4c(n(n3)CCCN5CCCCC5)CCN(C4)C(=O)C(=O)N)CNC6CC6)Cl,0.025
CatS_444,c1cc(c(cc1C#Cc2cc(ccc2Cl)c3c4c(n(n3)CCCN5CCCCC5)CCN(C4)C(=O)C(=O)N)CN6CCOCC6)Cl,0.025
CatS_445,CS(=O)(=O)N1CCc2c(c(nn2CCCN3CCCCC3)c4ccc(c(c4)C#Cc5ccc(c(c5)CNC6CC6)Cl)Cl)C1,0.045
CatS_446,CS(=O)(=O)N1CCc2c(c(nn2CCCN3CCCCC3)c4ccc(c(c4)C#Cc5ccc(c(c5)CN6CCOCC6)Cl)Cl)C1,0.075
CatS_447,c1cc(c(cc1C#Cc2cc(ccc2Cl)c3c4c(n(n3)CCCN5CCSCC5)CCN(C4)C(=O)N)CNC6CC6)Cl,0.04
CatS_448,c1cc(c(cc1C#Cc2cc(ccc2Cl)c3c4c(n(n3)CCCN5CCSCC5)CCN(C4)C(=O)N)CN6CCOCC6)Cl,0.04
CatS_449,CCCNCc1cc(ccc1Cl)C#Cc2cc(ccc2Cl)c3c4c(n(n3)CCCN5CCOC[C@@H]5C)CCN(C4)C(=O)C(=O)N,0.02
CatS_450,c1cc(ccc1C#Cc2cc(ccc2Cl)c3c4c(n(n3)CCCN5CCSCC5)CCN(C4)C(=O)N)C(=O)NCCN6CCOCC6,0.045
CatS_451,C[C@H]1COCCN1CCCn2c3c(c(n2)c4ccc(c(c4)C#Cc5ccc(cc5)C(=O)NC[C@@H]6CCCN6)Cl)CN(CC3)C(=O)C(=O)N,0.03
CatS_452,CS(=O)(=O)N1CCc2c(c(nn2CCCN3CCCCC3)c4ccc(c(c4)C#Cc5ccc(cc5)C(=O)NC[C@@H]6CCCN6)Cl)C1,0.1
CatS_453,CNCCCNC(=O)c1ccc(cc1)C#Cc2cc(ccc2Cl)c3c4c(n(n3)CCCN5CCSCC5)CCN(C4)C(=O)N,0.075
CatS_454,CNCCCNC(=O)c1ccc(cc1)C#Cc2cc(ccc2Cl)c3c4c(n(n3)CCCN5CCCCC5)CCN(C4)S(=O)(=O)C,0.06
CatS_455,CN(C)Cc1cc(ccc1Cl)C#Cc2cc(ccc2Cl)c3c4c(n(n3)CCCN5CCSCC5)CCN(C4)C(=O)N,0.03
CatS_456,C[C@H]1COCCN1CCCn2c3c(c(n2)c4ccc(c(c4)C#Cc5ccc(c(c5)CN(C)C)Cl)Cl)CN(CC3)C(=O)C(=O)N,0.012
CatS_457,CN(C)Cc1cc(ccc1Cl)C#Cc2cc(ccc2Cl)c3c4c(n(n3)CCCN5CCCCC5)CCN(C4)S(=O)(=O)C,0.04
CatS_458,C[C@H]1COCCN1CCCn2c3c(c(n2)c4ccc(c(c4)C#Cc5ccc(cc5)CO)Cl)CN(CC3)C(=O)C(=O)N,0.02
CatS_459,C[C@H]1COCCN1CCCn2c3c(c(n2)c4ccc(c(c4)C#Cc5ccc(c(c5)CNC(C)C)Cl)Cl)CN(CC3)C(=O)C(=O)N,0.02